{
  "ABIRoot": {
    "kind": "Root",
    "name": "TopLevel",
    "printedName": "TopLevel",
    "children": [
      {
        "kind": "Import",
        "name": "Foundation",
        "printedName": "Foundation",
        "declKind": "Import",
        "moduleName": "AntifraudSDK",
        "declAttributes": [
          "RawDocComment"
        ]
      },
      {
        "kind": "Import",
        "name": "shared",
        "printedName": "shared",
        "declKind": "Import",
        "moduleName": "AntifraudSDK",
        "declAttributes": [
          "AccessControl"
        ]
      },
      {
        "kind": "Import",
        "name": "Foundation",
        "printedName": "Foundation",
        "declKind": "Import",
        "moduleName": "AntifraudSDK",
        "declAttributes": [
          "RawDocComment"
        ]
      },
      {
        "kind": "Import",
        "name": "UIKit",
        "printedName": "UIKit",
        "declKind": "Import",
        "moduleName": "AntifraudSDK"
      },
      {
        "kind": "Import",
        "name": "shared",
        "printedName": "shared",
        "declKind": "Import",
        "moduleName": "AntifraudSDK",
        "declAttributes": [
          "AccessControl"
        ]
      },
      {
        "kind": "Import",
        "name": "Foundation",
        "printedName": "Foundation",
        "declKind": "Import",
        "moduleName": "AntifraudSDK",
        "declAttributes": [
          "RawDocComment"
        ]
      },
      {
        "kind": "Import",
        "name": "shared",
        "printedName": "shared",
        "declKind": "Import",
        "moduleName": "AntifraudSDK",
        "declAttributes": [
          "AccessControl"
        ]
      },
      {
        "kind": "Import",
        "name": "Foundation",
        "printedName": "Foundation",
        "declKind": "Import",
        "moduleName": "AntifraudSDK",
        "declAttributes": [
          "RawDocComment"
        ]
      },
      {
        "kind": "Import",
        "name": "shared",
        "printedName": "shared",
        "declKind": "Import",
        "moduleName": "AntifraudSDK",
        "declAttributes": [
          "AccessControl"
        ]
      },
      {
        "kind": "Import",
        "name": "Foundation",
        "printedName": "Foundation",
        "declKind": "Import",
        "moduleName": "AntifraudSDK",
        "declAttributes": [
          "RawDocComment"
        ]
      },
      {
        "kind": "Import",
        "name": "shared",
        "printedName": "shared",
        "declKind": "Import",
        "moduleName": "AntifraudSDK",
        "declAttributes": [
          "AccessControl"
        ]
      },
      {
        "kind": "Import",
        "name": "Foundation",
        "printedName": "Foundation",
        "declKind": "Import",
        "moduleName": "AntifraudSDK",
        "declAttributes": [
          "RawDocComment"
        ]
      },
      {
        "kind": "Import",
        "name": "UIKit",
        "printedName": "UIKit",
        "declKind": "Import",
        "moduleName": "AntifraudSDK"
      },
      {
        "kind": "Import",
        "name": "shared",
        "printedName": "shared",
        "declKind": "Import",
        "moduleName": "AntifraudSDK",
        "declAttributes": [
          "AccessControl",
          "RawDocComment"
        ]
      },
      {
        "kind": "TypeDecl",
        "name": "SafeSDK",
        "printedName": "SafeSDK",
        "children": [
          {
            "kind": "Var",
            "name": "sharedSafeSDK",
            "printedName": "sharedSafeSDK",
            "children": [
              {
                "kind": "TypeNominal",
                "name": "SafeSDK",
                "printedName": "AntifraudSDK.SafeSDK",
                "usr": "s:12AntifraudSDK04SafeB0C"
              }
            ],
            "declKind": "Var",
            "usr": "s:12AntifraudSDK04SafeB0C06sharedcB0ACvpZ",
            "mangledName": "$s12AntifraudSDK04SafeB0C06sharedcB0ACvpZ",
            "moduleName": "AntifraudSDK",
            "static": true,
            "declAttributes": [
              "HasInitialValue",
              "Final",
              "HasStorage",
              "AccessControl",
              "RawDocComment"
            ],
            "isLet": true,
            "hasStorage": true,
            "accessors": [
              {
                "kind": "Accessor",
                "name": "Get",
                "printedName": "Get()",
                "children": [
                  {
                    "kind": "TypeNominal",
                    "name": "SafeSDK",
                    "printedName": "AntifraudSDK.SafeSDK",
                    "usr": "s:12AntifraudSDK04SafeB0C"
                  }
                ],
                "declKind": "Accessor",
                "usr": "s:12AntifraudSDK04SafeB0C06sharedcB0ACvgZ",
                "mangledName": "$s12AntifraudSDK04SafeB0C06sharedcB0ACvgZ",
                "moduleName": "AntifraudSDK",
                "static": true,
                "implicit": true,
                "declAttributes": [
                  "Final"
                ],
                "accessorKind": "get"
              }
            ]
          },
          {
            "kind": "Function",
            "name": "initialize",
            "printedName": "initialize(apiBaseUrl:apiKey:authTokenUrl:clientId:clientSecret:params:)",
            "children": [
              {
                "kind": "TypeNominal",
                "name": "Void",
                "printedName": "()"
              },
              {
                "kind": "TypeNominal",
                "name": "String",
                "printedName": "Swift.String",
                "usr": "s:SS"
              },
              {
                "kind": "TypeNominal",
                "name": "String",
                "printedName": "Swift.String",
                "usr": "s:SS"
              },
              {
                "kind": "TypeNominal",
                "name": "String",
                "printedName": "Swift.String",
                "usr": "s:SS"
              },
              {
                "kind": "TypeNominal",
                "name": "String",
                "printedName": "Swift.String",
                "usr": "s:SS"
              },
              {
                "kind": "TypeNominal",
                "name": "String",
                "printedName": "Swift.String",
                "usr": "s:SS"
              },
              {
                "kind": "TypeNominal",
                "name": "Optional",
                "printedName": "[Swift.String : Any]?",
                "children": [
                  {
                    "kind": "TypeNominal",
                    "name": "Dictionary",
                    "printedName": "[Swift.String : Any]",
                    "children": [
                      {
                        "kind": "TypeNominal",
                        "name": "String",
                        "printedName": "Swift.String",
                        "usr": "s:SS"
                      },
                      {
                        "kind": "TypeNominal",
                        "name": "ProtocolComposition",
                        "printedName": "Any"
                      }
                    ],
                    "usr": "s:SD"
                  }
                ],
                "hasDefaultArg": true,
                "usr": "s:Sq"
              }
            ],
            "declKind": "Func",
            "usr": "s:12AntifraudSDK04SafeB0C10initialize10apiBaseUrl0E3Key09authTokenG08clientId0K6Secret6paramsySS_S4SSDySSypGSgtF",
            "mangledName": "$s12AntifraudSDK04SafeB0C10initialize10apiBaseUrl0E3Key09authTokenG08clientId0K6Secret6paramsySS_S4SSDySSypGSgtF",
            "moduleName": "AntifraudSDK",
            "declAttributes": [
              "AccessControl",
              "RawDocComment"
            ],
            "funcSelfKind": "NonMutating"
          },
          {
            "kind": "Function",
            "name": "check",
            "printedName": "check(checkCompletion:)",
            "children": [
              {
                "kind": "TypeNominal",
                "name": "Void",
                "printedName": "()"
              },
              {
                "kind": "TypeFunc",
                "name": "Function",
                "printedName": "(Swift.Result<AntifraudSDK.Action, AntifraudSDK.SDKError>) -> ()",
                "children": [
                  {
                    "kind": "TypeNominal",
                    "name": "Void",
                    "printedName": "()"
                  },
                  {
                    "kind": "TypeNominal",
                    "name": "Result",
                    "printedName": "Swift.Result<AntifraudSDK.Action, AntifraudSDK.SDKError>",
                    "children": [
                      {
                        "kind": "TypeNominal",
                        "name": "Action",
                        "printedName": "AntifraudSDK.Action",
                        "usr": "s:12AntifraudSDK6ActionC"
                      },
                      {
                        "kind": "TypeNominal",
                        "name": "SDKError",
                        "printedName": "AntifraudSDK.SDKError",
                        "usr": "s:12AntifraudSDK8SDKErrorO"
                      }
                    ],
                    "usr": "s:s6ResultO"
                  }
                ]
              }
            ],
            "declKind": "Func",
            "usr": "s:12AntifraudSDK04SafeB0C5check0D10Completionyys6ResultOyAA6ActionCAA8SDKErrorOGc_tF",
            "mangledName": "$s12AntifraudSDK04SafeB0C5check0D10Completionyys6ResultOyAA6ActionCAA8SDKErrorOGc_tF",
            "moduleName": "AntifraudSDK",
            "declAttributes": [
              "AccessControl",
              "RawDocComment"
            ],
            "funcSelfKind": "NonMutating"
          },
          {
            "kind": "Function",
            "name": "setUserId",
            "printedName": "setUserId(_:)",
            "children": [
              {
                "kind": "TypeNominal",
                "name": "Void",
                "printedName": "()"
              },
              {
                "kind": "TypeNominal",
                "name": "String",
                "printedName": "Swift.String",
                "usr": "s:SS"
              }
            ],
            "declKind": "Func",
            "usr": "s:12AntifraudSDK04SafeB0C9setUserIdyySSF",
            "mangledName": "$s12AntifraudSDK04SafeB0C9setUserIdyySSF",
            "moduleName": "AntifraudSDK",
            "declAttributes": [
              "AccessControl",
              "RawDocComment"
            ],
            "funcSelfKind": "NonMutating"
          }
        ],
        "declKind": "Class",
        "usr": "s:12AntifraudSDK04SafeB0C",
        "mangledName": "$s12AntifraudSDK04SafeB0C",
        "moduleName": "AntifraudSDK",
        "declAttributes": [
          "AccessControl",
          "RawDocComment"
        ],
        "hasMissingDesignatedInitializers": true
      },
      {
        "kind": "Import",
        "name": "Foundation",
        "printedName": "Foundation",
        "declKind": "Import",
        "moduleName": "AntifraudSDK",
        "declAttributes": [
          "RawDocComment"
        ]
      },
      {
        "kind": "Import",
        "name": "shared",
        "printedName": "shared",
        "declKind": "Import",
        "moduleName": "AntifraudSDK",
        "declAttributes": [
          "AccessControl"
        ]
      },
      {
        "kind": "Import",
        "name": "Foundation",
        "printedName": "Foundation",
        "declKind": "Import",
        "moduleName": "AntifraudSDK",
        "declAttributes": [
          "RawDocComment"
        ]
      },
      {
        "kind": "Import",
        "name": "shared",
        "printedName": "shared",
        "declKind": "Import",
        "moduleName": "AntifraudSDK",
        "declAttributes": [
          "AccessControl"
        ]
      },
      {
        "kind": "Import",
        "name": "Foundation",
        "printedName": "Foundation",
        "declKind": "Import",
        "moduleName": "AntifraudSDK",
        "declAttributes": [
          "RawDocComment"
        ]
      },
      {
        "kind": "Import",
        "name": "shared",
        "printedName": "shared",
        "declKind": "Import",
        "moduleName": "AntifraudSDK",
        "declAttributes": [
          "AccessControl"
        ]
      },
      {
        "kind": "Import",
        "name": "Foundation",
        "printedName": "Foundation",
        "declKind": "Import",
        "moduleName": "AntifraudSDK",
        "declAttributes": [
          "RawDocComment"
        ]
      },
      {
        "kind": "Import",
        "name": "shared",
        "printedName": "shared",
        "declKind": "Import",
        "moduleName": "AntifraudSDK",
        "declAttributes": [
          "AccessControl"
        ]
      },
      {
        "kind": "Import",
        "name": "NetworkExtension",
        "printedName": "NetworkExtension",
        "declKind": "Import",
        "moduleName": "AntifraudSDK",
        "declAttributes": [
          "RawDocComment"
        ]
      },
      {
        "kind": "Import",
        "name": "Foundation",
        "printedName": "Foundation",
        "declKind": "Import",
        "moduleName": "AntifraudSDK",
        "declAttributes": [
          "RawDocComment"
        ]
      },
      {
        "kind": "Import",
        "name": "shared",
        "printedName": "shared",
        "declKind": "Import",
        "moduleName": "AntifraudSDK",
        "declAttributes": [
          "AccessControl"
        ]
      },
      {
        "kind": "Import",
        "name": "Foundation",
        "printedName": "Foundation",
        "declKind": "Import",
        "moduleName": "AntifraudSDK",
        "declAttributes": [
          "RawDocComment"
        ]
      },
      {
        "kind": "Import",
        "name": "shared",
        "printedName": "shared",
        "declKind": "Import",
        "moduleName": "AntifraudSDK",
        "declAttributes": [
          "AccessControl"
        ]
      },
      {
        "kind": "Import",
        "name": "Foundation",
        "printedName": "Foundation",
        "declKind": "Import",
        "moduleName": "AntifraudSDK",
        "declAttributes": [
          "RawDocComment"
        ]
      },
      {
        "kind": "Import",
        "name": "MachO",
        "printedName": "MachO",
        "declKind": "Import",
        "moduleName": "AntifraudSDK"
      },
      {
        "kind": "Import",
        "name": "shared",
        "printedName": "shared",
        "declKind": "Import",
        "moduleName": "AntifraudSDK",
        "declAttributes": [
          "AccessControl"
        ]
      },
      {
        "kind": "Import",
        "name": "Foundation",
        "printedName": "Foundation",
        "declKind": "Import",
        "moduleName": "AntifraudSDK",
        "declAttributes": [
          "RawDocComment"
        ]
      },
      {
        "kind": "Import",
        "name": "Security",
        "printedName": "Security",
        "declKind": "Import",
        "moduleName": "AntifraudSDK"
      },
      {
        "kind": "TypeDecl",
        "name": "DeviceSeedManager",
        "printedName": "DeviceSeedManager",
        "declKind": "Class",
        "usr": "s:12AntifraudSDK17DeviceSeedManagerC",
        "mangledName": "$s12AntifraudSDK17DeviceSeedManagerC",
        "moduleName": "AntifraudSDK",
        "declAttributes": [
          "AccessControl"
        ],
        "hasMissingDesignatedInitializers": true
      },
      {
        "kind": "Import",
        "name": "Foundation",
        "printedName": "Foundation",
        "declKind": "Import",
        "moduleName": "AntifraudSDK",
        "declAttributes": [
          "RawDocComment"
        ]
      },
      {
        "kind": "Import",
        "name": "shared",
        "printedName": "shared",
        "declKind": "Import",
        "moduleName": "AntifraudSDK",
        "declAttributes": [
          "AccessControl"
        ]
      },
      {
        "kind": "Import",
        "name": "Foundation",
        "printedName": "Foundation",
        "declKind": "Import",
        "moduleName": "AntifraudSDK",
        "declAttributes": [
          "RawDocComment"
        ]
      },
      {
        "kind": "Import",
        "name": "shared",
        "printedName": "shared",
        "declKind": "Import",
        "moduleName": "AntifraudSDK",
        "declAttributes": [
          "AccessControl"
        ]
      },
      {
        "kind": "Import",
        "name": "Foundation",
        "printedName": "Foundation",
        "declKind": "Import",
        "moduleName": "AntifraudSDK",
        "declAttributes": [
          "RawDocComment"
        ]
      },
      {
        "kind": "Import",
        "name": "shared",
        "printedName": "shared",
        "declKind": "Import",
        "moduleName": "AntifraudSDK",
        "declAttributes": [
          "AccessControl"
        ]
      },
      {
        "kind": "Import",
        "name": "Foundation",
        "printedName": "Foundation",
        "declKind": "Import",
        "moduleName": "AntifraudSDK",
        "declAttributes": [
          "RawDocComment"
        ]
      },
      {
        "kind": "Import",
        "name": "CoreLocation",
        "printedName": "CoreLocation",
        "declKind": "Import",
        "moduleName": "AntifraudSDK"
      },
      {
        "kind": "TypeDecl",
        "name": "Location",
        "printedName": "Location",
        "declKind": "Struct",
        "usr": "s:12AntifraudSDK8LocationV",
        "mangledName": "$s12AntifraudSDK8LocationV",
        "moduleName": "AntifraudSDK",
        "declAttributes": [
          "AccessControl"
        ]
      },
      {
        "kind": "Import",
        "name": "Foundation",
        "printedName": "Foundation",
        "declKind": "Import",
        "moduleName": "AntifraudSDK",
        "declAttributes": [
          "RawDocComment"
        ]
      },
      {
        "kind": "Import",
        "name": "shared",
        "printedName": "shared",
        "declKind": "Import",
        "moduleName": "AntifraudSDK",
        "declAttributes": [
          "AccessControl"
        ]
      },
      {
        "kind": "Import",
        "name": "Foundation",
        "printedName": "Foundation",
        "declKind": "Import",
        "moduleName": "AntifraudSDK",
        "declAttributes": [
          "RawDocComment"
        ]
      },
      {
        "kind": "Import",
        "name": "UIKit",
        "printedName": "UIKit",
        "declKind": "Import",
        "moduleName": "AntifraudSDK"
      },
      {
        "kind": "Import",
        "name": "shared",
        "printedName": "shared",
        "declKind": "Import",
        "moduleName": "AntifraudSDK",
        "declAttributes": [
          "AccessControl"
        ]
      },
      {
        "kind": "Import",
        "name": "Foundation",
        "printedName": "Foundation",
        "declKind": "Import",
        "moduleName": "AntifraudSDK",
        "declAttributes": [
          "RawDocComment"
        ]
      },
      {
        "kind": "Import",
        "name": "UIKit",
        "printedName": "UIKit",
        "declKind": "Import",
        "moduleName": "AntifraudSDK"
      },
      {
        "kind": "Import",
        "name": "CoreLocation",
        "printedName": "CoreLocation",
        "declKind": "Import",
        "moduleName": "AntifraudSDK"
      },
      {
        "kind": "Import",
        "name": "shared",
        "printedName": "shared",
        "declKind": "Import",
        "moduleName": "AntifraudSDK",
        "declAttributes": [
          "AccessControl"
        ]
      },
      {
        "kind": "Import",
        "name": "Foundation",
        "printedName": "Foundation",
        "declKind": "Import",
        "moduleName": "AntifraudSDK",
        "declAttributes": [
          "RawDocComment"
        ]
      },
      {
        "kind": "Import",
        "name": "UIKit",
        "printedName": "UIKit",
        "declKind": "Import",
        "moduleName": "AntifraudSDK"
      },
      {
        "kind": "Import",
        "name": "shared",
        "printedName": "shared",
        "declKind": "Import",
        "moduleName": "AntifraudSDK",
        "declAttributes": [
          "AccessControl"
        ]
      },
      {
        "kind": "Import",
        "name": "Foundation",
        "printedName": "Foundation",
        "declKind": "Import",
        "moduleName": "AntifraudSDK",
        "declAttributes": [
          "RawDocComment"
        ]
      },
      {
        "kind": "Import",
        "name": "shared",
        "printedName": "shared",
        "declKind": "Import",
        "moduleName": "AntifraudSDK",
        "declAttributes": [
          "AccessControl"
        ]
      },
      {
        "kind": "TypeDecl",
        "name": "Action",
        "printedName": "Action",
        "children": [
          {
            "kind": "Var",
            "name": "actionType",
            "printedName": "actionType",
            "children": [
              {
                "kind": "TypeNominal",
                "name": "ActionType",
                "printedName": "AntifraudSDK.ActionType",
                "usr": "s:12AntifraudSDK10ActionTypeO"
              }
            ],
            "declKind": "Var",
            "usr": "s:12AntifraudSDK6ActionC10actionTypeAA0cE0Ovp",
            "mangledName": "$s12AntifraudSDK6ActionC10actionTypeAA0cE0Ovp",
            "moduleName": "AntifraudSDK",
            "declAttributes": [
              "HasStorage",
              "AccessControl"
            ],
            "hasStorage": true,
            "accessors": [
              {
                "kind": "Accessor",
                "name": "Get",
                "printedName": "Get()",
                "children": [
                  {
                    "kind": "TypeNominal",
                    "name": "ActionType",
                    "printedName": "AntifraudSDK.ActionType",
                    "usr": "s:12AntifraudSDK10ActionTypeO"
                  }
                ],
                "declKind": "Accessor",
                "usr": "s:12AntifraudSDK6ActionC10actionTypeAA0cE0Ovg",
                "mangledName": "$s12AntifraudSDK6ActionC10actionTypeAA0cE0Ovg",
                "moduleName": "AntifraudSDK",
                "implicit": true,
                "accessorKind": "get"
              },
              {
                "kind": "Accessor",
                "name": "Set",
                "printedName": "Set()",
                "children": [
                  {
                    "kind": "TypeNominal",
                    "name": "Void",
                    "printedName": "()"
                  },
                  {
                    "kind": "TypeNominal",
                    "name": "ActionType",
                    "printedName": "AntifraudSDK.ActionType",
                    "usr": "s:12AntifraudSDK10ActionTypeO"
                  }
                ],
                "declKind": "Accessor",
                "usr": "s:12AntifraudSDK6ActionC10actionTypeAA0cE0Ovs",
                "mangledName": "$s12AntifraudSDK6ActionC10actionTypeAA0cE0Ovs",
                "moduleName": "AntifraudSDK",
                "implicit": true,
                "accessorKind": "set"
              },
              {
                "kind": "Accessor",
                "name": "Modify",
                "printedName": "Modify()",
                "children": [
                  {
                    "kind": "TypeNominal",
                    "name": "Void",
                    "printedName": "()"
                  }
                ],
                "declKind": "Accessor",
                "usr": "s:12AntifraudSDK6ActionC10actionTypeAA0cE0OvM",
                "mangledName": "$s12AntifraudSDK6ActionC10actionTypeAA0cE0OvM",
                "moduleName": "AntifraudSDK",
                "implicit": true,
                "accessorKind": "_modify"
              }
            ]
          },
          {
            "kind": "Var",
            "name": "signature",
            "printedName": "signature",
            "children": [
              {
                "kind": "TypeNominal",
                "name": "String",
                "printedName": "Swift.String",
                "usr": "s:SS"
              }
            ],
            "declKind": "Var",
            "usr": "s:12AntifraudSDK6ActionC9signatureSSvp",
            "mangledName": "$s12AntifraudSDK6ActionC9signatureSSvp",
            "moduleName": "AntifraudSDK",
            "declAttributes": [
              "HasStorage",
              "AccessControl"
            ],
            "hasStorage": true,
            "accessors": [
              {
                "kind": "Accessor",
                "name": "Get",
                "printedName": "Get()",
                "children": [
                  {
                    "kind": "TypeNominal",
                    "name": "String",
                    "printedName": "Swift.String",
                    "usr": "s:SS"
                  }
                ],
                "declKind": "Accessor",
                "usr": "s:12AntifraudSDK6ActionC9signatureSSvg",
                "mangledName": "$s12AntifraudSDK6ActionC9signatureSSvg",
                "moduleName": "AntifraudSDK",
                "implicit": true,
                "accessorKind": "get"
              },
              {
                "kind": "Accessor",
                "name": "Set",
                "printedName": "Set()",
                "children": [
                  {
                    "kind": "TypeNominal",
                    "name": "Void",
                    "printedName": "()"
                  },
                  {
                    "kind": "TypeNominal",
                    "name": "String",
                    "printedName": "Swift.String",
                    "usr": "s:SS"
                  }
                ],
                "declKind": "Accessor",
                "usr": "s:12AntifraudSDK6ActionC9signatureSSvs",
                "mangledName": "$s12AntifraudSDK6ActionC9signatureSSvs",
                "moduleName": "AntifraudSDK",
                "implicit": true,
                "accessorKind": "set"
              },
              {
                "kind": "Accessor",
                "name": "Modify",
                "printedName": "Modify()",
                "children": [
                  {
                    "kind": "TypeNominal",
                    "name": "Void",
                    "printedName": "()"
                  }
                ],
                "declKind": "Accessor",
                "usr": "s:12AntifraudSDK6ActionC9signatureSSvM",
                "mangledName": "$s12AntifraudSDK6ActionC9signatureSSvM",
                "moduleName": "AntifraudSDK",
                "implicit": true,
                "accessorKind": "_modify"
              }
            ]
          }
        ],
        "declKind": "Class",
        "usr": "s:12AntifraudSDK6ActionC",
        "mangledName": "$s12AntifraudSDK6ActionC",
        "moduleName": "AntifraudSDK",
        "declAttributes": [
          "AccessControl"
        ],
        "hasMissingDesignatedInitializers": true
      },
      {
        "kind": "TypeDecl",
        "name": "ActionType",
        "printedName": "ActionType",
        "children": [
          {
            "kind": "Var",
            "name": "block",
            "printedName": "block",
            "children": [
              {
                "kind": "TypeFunc",
                "name": "Function",
                "printedName": "(AntifraudSDK.ActionType.Type) -> AntifraudSDK.ActionType",
                "children": [
                  {
                    "kind": "TypeNominal",
                    "name": "ActionType",
                    "printedName": "AntifraudSDK.ActionType",
                    "usr": "s:12AntifraudSDK10ActionTypeO"
                  },
                  {
                    "kind": "TypeNominal",
                    "name": "Metatype",
                    "printedName": "AntifraudSDK.ActionType.Type",
                    "children": [
                      {
                        "kind": "TypeNominal",
                        "name": "ActionType",
                        "printedName": "AntifraudSDK.ActionType",
                        "usr": "s:12AntifraudSDK10ActionTypeO"
                      }
                    ]
                  }
                ]
              }
            ],
            "declKind": "EnumElement",
            "usr": "s:12AntifraudSDK10ActionTypeO5blockyA2CmF",
            "mangledName": "$s12AntifraudSDK10ActionTypeO5blockyA2CmF",
            "moduleName": "AntifraudSDK"
          },
          {
            "kind": "Var",
            "name": "limitAccess",
            "printedName": "limitAccess",
            "children": [
              {
                "kind": "TypeFunc",
                "name": "Function",
                "printedName": "(AntifraudSDK.ActionType.Type) -> AntifraudSDK.ActionType",
                "children": [
                  {
                    "kind": "TypeNominal",
                    "name": "ActionType",
                    "printedName": "AntifraudSDK.ActionType",
                    "usr": "s:12AntifraudSDK10ActionTypeO"
                  },
                  {
                    "kind": "TypeNominal",
                    "name": "Metatype",
                    "printedName": "AntifraudSDK.ActionType.Type",
                    "children": [
                      {
                        "kind": "TypeNominal",
                        "name": "ActionType",
                        "printedName": "AntifraudSDK.ActionType",
                        "usr": "s:12AntifraudSDK10ActionTypeO"
                      }
                    ]
                  }
                ]
              }
            ],
            "declKind": "EnumElement",
            "usr": "s:12AntifraudSDK10ActionTypeO11limitAccessyA2CmF",
            "mangledName": "$s12AntifraudSDK10ActionTypeO11limitAccessyA2CmF",
            "moduleName": "AntifraudSDK"
          },
          {
            "kind": "Var",
            "name": "monitor",
            "printedName": "monitor",
            "children": [
              {
                "kind": "TypeFunc",
                "name": "Function",
                "printedName": "(AntifraudSDK.ActionType.Type) -> AntifraudSDK.ActionType",
                "children": [
                  {
                    "kind": "TypeNominal",
                    "name": "ActionType",
                    "printedName": "AntifraudSDK.ActionType",
                    "usr": "s:12AntifraudSDK10ActionTypeO"
                  },
                  {
                    "kind": "TypeNominal",
                    "name": "Metatype",
                    "printedName": "AntifraudSDK.ActionType.Type",
                    "children": [
                      {
                        "kind": "TypeNominal",
                        "name": "ActionType",
                        "printedName": "AntifraudSDK.ActionType",
                        "usr": "s:12AntifraudSDK10ActionTypeO"
                      }
                    ]
                  }
                ]
              }
            ],
            "declKind": "EnumElement",
            "usr": "s:12AntifraudSDK10ActionTypeO7monitoryA2CmF",
            "mangledName": "$s12AntifraudSDK10ActionTypeO7monitoryA2CmF",
            "moduleName": "AntifraudSDK"
          },
          {
            "kind": "Var",
            "name": "notSafe",
            "printedName": "notSafe",
            "children": [
              {
                "kind": "TypeFunc",
                "name": "Function",
                "printedName": "(AntifraudSDK.ActionType.Type) -> AntifraudSDK.ActionType",
                "children": [
                  {
                    "kind": "TypeNominal",
                    "name": "ActionType",
                    "printedName": "AntifraudSDK.ActionType",
                    "usr": "s:12AntifraudSDK10ActionTypeO"
                  },
                  {
                    "kind": "TypeNominal",
                    "name": "Metatype",
                    "printedName": "AntifraudSDK.ActionType.Type",
                    "children": [
                      {
                        "kind": "TypeNominal",
                        "name": "ActionType",
                        "printedName": "AntifraudSDK.ActionType",
                        "usr": "s:12AntifraudSDK10ActionTypeO"
                      }
                    ]
                  }
                ]
              }
            ],
            "declKind": "EnumElement",
            "usr": "s:12AntifraudSDK10ActionTypeO7notSafeyA2CmF",
            "mangledName": "$s12AntifraudSDK10ActionTypeO7notSafeyA2CmF",
            "moduleName": "AntifraudSDK"
          },
          {
            "kind": "Var",
            "name": "safe",
            "printedName": "safe",
            "children": [
              {
                "kind": "TypeFunc",
                "name": "Function",
                "printedName": "(AntifraudSDK.ActionType.Type) -> AntifraudSDK.ActionType",
                "children": [
                  {
                    "kind": "TypeNominal",
                    "name": "ActionType",
                    "printedName": "AntifraudSDK.ActionType",
                    "usr": "s:12AntifraudSDK10ActionTypeO"
                  },
                  {
                    "kind": "TypeNominal",
                    "name": "Metatype",
                    "printedName": "AntifraudSDK.ActionType.Type",
                    "children": [
                      {
                        "kind": "TypeNominal",
                        "name": "ActionType",
                        "printedName": "AntifraudSDK.ActionType",
                        "usr": "s:12AntifraudSDK10ActionTypeO"
                      }
                    ]
                  }
                ]
              }
            ],
            "declKind": "EnumElement",
            "usr": "s:12AntifraudSDK10ActionTypeO4safeyA2CmF",
            "mangledName": "$s12AntifraudSDK10ActionTypeO4safeyA2CmF",
            "moduleName": "AntifraudSDK"
          },
          {
            "kind": "Function",
            "name": "==",
            "printedName": "==(_:_:)",
            "children": [
              {
                "kind": "TypeNominal",
                "name": "Bool",
                "printedName": "Swift.Bool",
                "usr": "s:Sb"
              },
              {
                "kind": "TypeNominal",
                "name": "ActionType",
                "printedName": "AntifraudSDK.ActionType",
                "usr": "s:12AntifraudSDK10ActionTypeO"
              },
              {
                "kind": "TypeNominal",
                "name": "ActionType",
                "printedName": "AntifraudSDK.ActionType",
                "usr": "s:12AntifraudSDK10ActionTypeO"
              }
            ],
            "declKind": "Func",
            "usr": "s:12AntifraudSDK10ActionTypeO2eeoiySbAC_ACtFZ",
            "mangledName": "$s12AntifraudSDK10ActionTypeO2eeoiySbAC_ACtFZ",
            "moduleName": "AntifraudSDK",
            "static": true,
            "implicit": true,
            "funcSelfKind": "NonMutating"
          },
          {
            "kind": "Var",
            "name": "hashValue",
            "printedName": "hashValue",
            "children": [
              {
                "kind": "TypeNominal",
                "name": "Int",
                "printedName": "Swift.Int",
                "usr": "s:Si"
              }
            ],
            "declKind": "Var",
            "usr": "s:12AntifraudSDK10ActionTypeO9hashValueSivp",
            "mangledName": "$s12AntifraudSDK10ActionTypeO9hashValueSivp",
            "moduleName": "AntifraudSDK",
            "implicit": true,
            "accessors": [
              {
                "kind": "Accessor",
                "name": "Get",
                "printedName": "Get()",
                "children": [
                  {
                    "kind": "TypeNominal",
                    "name": "Int",
                    "printedName": "Swift.Int",
                    "usr": "s:Si"
                  }
                ],
                "declKind": "Accessor",
                "usr": "s:12AntifraudSDK10ActionTypeO9hashValueSivg",
                "mangledName": "$s12AntifraudSDK10ActionTypeO9hashValueSivg",
                "moduleName": "AntifraudSDK",
                "implicit": true,
                "accessorKind": "get"
              }
            ]
          },
          {
            "kind": "Function",
            "name": "hash",
            "printedName": "hash(into:)",
            "children": [
              {
                "kind": "TypeNominal",
                "name": "Void",
                "printedName": "()"
              },
              {
                "kind": "TypeNominal",
                "name": "Hasher",
                "printedName": "Swift.Hasher",
                "paramValueOwnership": "InOut",
                "usr": "s:s6HasherV"
              }
            ],
            "declKind": "Func",
            "usr": "s:12AntifraudSDK10ActionTypeO4hash4intoys6HasherVz_tF",
            "mangledName": "$s12AntifraudSDK10ActionTypeO4hash4intoys6HasherVz_tF",
            "moduleName": "AntifraudSDK",
            "implicit": true,
            "funcSelfKind": "NonMutating"
          }
        ],
        "declKind": "Enum",
        "usr": "s:12AntifraudSDK10ActionTypeO",
        "mangledName": "$s12AntifraudSDK10ActionTypeO",
        "moduleName": "AntifraudSDK",
        "declAttributes": [
          "AccessControl"
        ],
        "conformances": [
          {
            "kind": "Conformance",
            "name": "Equatable",
            "printedName": "Equatable",
            "usr": "s:SQ",
            "mangledName": "$sSQ"
          },
          {
            "kind": "Conformance",
            "name": "Hashable",
            "printedName": "Hashable",
            "usr": "s:SH",
            "mangledName": "$sSH"
          }
        ]
      },
      {
        "kind": "Import",
        "name": "Foundation",
        "printedName": "Foundation",
        "declKind": "Import",
        "moduleName": "AntifraudSDK",
        "declAttributes": [
          "RawDocComment"
        ]
      },
      {
        "kind": "Import",
        "name": "CoreLocation",
        "printedName": "CoreLocation",
        "declKind": "Import",
        "moduleName": "AntifraudSDK"
      },
      {
        "kind": "Import",
        "name": "UIKit",
        "printedName": "UIKit",
        "declKind": "Import",
        "moduleName": "AntifraudSDK"
      },
      {
        "kind": "Import",
        "name": "shared",
        "printedName": "shared",
        "declKind": "Import",
        "moduleName": "AntifraudSDK",
        "declAttributes": [
          "AccessControl"
        ]
      },
      {
        "kind": "Import",
        "name": "Foundation",
        "printedName": "Foundation",
        "declKind": "Import",
        "moduleName": "AntifraudSDK",
        "declAttributes": [
          "RawDocComment"
        ]
      },
      {
        "kind": "Import",
        "name": "shared",
        "printedName": "shared",
        "declKind": "Import",
        "moduleName": "AntifraudSDK",
        "declAttributes": [
          "AccessControl"
        ]
      },
      {
        "kind": "TypeDecl",
        "name": "SDKError",
        "printedName": "SDKError",
        "children": [
          {
            "kind": "Var",
            "name": "networkConnection",
            "printedName": "networkConnection",
            "children": [
              {
                "kind": "TypeFunc",
                "name": "Function",
                "printedName": "(AntifraudSDK.SDKError.Type) -> AntifraudSDK.SDKError",
                "children": [
                  {
                    "kind": "TypeNominal",
                    "name": "SDKError",
                    "printedName": "AntifraudSDK.SDKError",
                    "usr": "s:12AntifraudSDK8SDKErrorO"
                  },
                  {
                    "kind": "TypeNominal",
                    "name": "Metatype",
                    "printedName": "AntifraudSDK.SDKError.Type",
                    "children": [
                      {
                        "kind": "TypeNominal",
                        "name": "SDKError",
                        "printedName": "AntifraudSDK.SDKError",
                        "usr": "s:12AntifraudSDK8SDKErrorO"
                      }
                    ]
                  }
                ]
              }
            ],
            "declKind": "EnumElement",
            "usr": "s:12AntifraudSDK8SDKErrorO17networkConnectionyA2CmF",
            "mangledName": "$s12AntifraudSDK8SDKErrorO17networkConnectionyA2CmF",
            "moduleName": "AntifraudSDK"
          },
          {
            "kind": "Var",
            "name": "serverError",
            "printedName": "serverError",
            "children": [
              {
                "kind": "TypeFunc",
                "name": "Function",
                "printedName": "(AntifraudSDK.SDKError.Type) -> AntifraudSDK.SDKError",
                "children": [
                  {
                    "kind": "TypeNominal",
                    "name": "SDKError",
                    "printedName": "AntifraudSDK.SDKError",
                    "usr": "s:12AntifraudSDK8SDKErrorO"
                  },
                  {
                    "kind": "TypeNominal",
                    "name": "Metatype",
                    "printedName": "AntifraudSDK.SDKError.Type",
                    "children": [
                      {
                        "kind": "TypeNominal",
                        "name": "SDKError",
                        "printedName": "AntifraudSDK.SDKError",
                        "usr": "s:12AntifraudSDK8SDKErrorO"
                      }
                    ]
                  }
                ]
              }
            ],
            "declKind": "EnumElement",
            "usr": "s:12AntifraudSDK8SDKErrorO11serverErroryA2CmF",
            "mangledName": "$s12AntifraudSDK8SDKErrorO11serverErroryA2CmF",
            "moduleName": "AntifraudSDK"
          },
          {
            "kind": "Var",
            "name": "locationPermissionUnknown",
            "printedName": "locationPermissionUnknown",
            "children": [
              {
                "kind": "TypeFunc",
                "name": "Function",
                "printedName": "(AntifraudSDK.SDKError.Type) -> AntifraudSDK.SDKError",
                "children": [
                  {
                    "kind": "TypeNominal",
                    "name": "SDKError",
                    "printedName": "AntifraudSDK.SDKError",
                    "usr": "s:12AntifraudSDK8SDKErrorO"
                  },
                  {
                    "kind": "TypeNominal",
                    "name": "Metatype",
                    "printedName": "AntifraudSDK.SDKError.Type",
                    "children": [
                      {
                        "kind": "TypeNominal",
                        "name": "SDKError",
                        "printedName": "AntifraudSDK.SDKError",
                        "usr": "s:12AntifraudSDK8SDKErrorO"
                      }
                    ]
                  }
                ]
              }
            ],
            "declKind": "EnumElement",
            "usr": "s:12AntifraudSDK8SDKErrorO25locationPermissionUnknownyA2CmF",
            "mangledName": "$s12AntifraudSDK8SDKErrorO25locationPermissionUnknownyA2CmF",
            "moduleName": "AntifraudSDK"
          },
          {
            "kind": "Var",
            "name": "locationPermissionNotDetermined",
            "printedName": "locationPermissionNotDetermined",
            "children": [
              {
                "kind": "TypeFunc",
                "name": "Function",
                "printedName": "(AntifraudSDK.SDKError.Type) -> AntifraudSDK.SDKError",
                "children": [
                  {
                    "kind": "TypeNominal",
                    "name": "SDKError",
                    "printedName": "AntifraudSDK.SDKError",
                    "usr": "s:12AntifraudSDK8SDKErrorO"
                  },
                  {
                    "kind": "TypeNominal",
                    "name": "Metatype",
                    "printedName": "AntifraudSDK.SDKError.Type",
                    "children": [
                      {
                        "kind": "TypeNominal",
                        "name": "SDKError",
                        "printedName": "AntifraudSDK.SDKError",
                        "usr": "s:12AntifraudSDK8SDKErrorO"
                      }
                    ]
                  }
                ]
              }
            ],
            "declKind": "EnumElement",
            "usr": "s:12AntifraudSDK8SDKErrorO31locationPermissionNotDeterminedyA2CmF",
            "mangledName": "$s12AntifraudSDK8SDKErrorO31locationPermissionNotDeterminedyA2CmF",
            "moduleName": "AntifraudSDK"
          },
          {
            "kind": "Var",
            "name": "locationPermissionDenied",
            "printedName": "locationPermissionDenied",
            "children": [
              {
                "kind": "TypeFunc",
                "name": "Function",
                "printedName": "(AntifraudSDK.SDKError.Type) -> AntifraudSDK.SDKError",
                "children": [
                  {
                    "kind": "TypeNominal",
                    "name": "SDKError",
                    "printedName": "AntifraudSDK.SDKError",
                    "usr": "s:12AntifraudSDK8SDKErrorO"
                  },
                  {
                    "kind": "TypeNominal",
                    "name": "Metatype",
                    "printedName": "AntifraudSDK.SDKError.Type",
                    "children": [
                      {
                        "kind": "TypeNominal",
                        "name": "SDKError",
                        "printedName": "AntifraudSDK.SDKError",
                        "usr": "s:12AntifraudSDK8SDKErrorO"
                      }
                    ]
                  }
                ]
              }
            ],
            "declKind": "EnumElement",
            "usr": "s:12AntifraudSDK8SDKErrorO24locationPermissionDeniedyA2CmF",
            "mangledName": "$s12AntifraudSDK8SDKErrorO24locationPermissionDeniedyA2CmF",
            "moduleName": "AntifraudSDK"
          },
          {
            "kind": "Var",
            "name": "locationServicesDisabled",
            "printedName": "locationServicesDisabled",
            "children": [
              {
                "kind": "TypeFunc",
                "name": "Function",
                "printedName": "(AntifraudSDK.SDKError.Type) -> AntifraudSDK.SDKError",
                "children": [
                  {
                    "kind": "TypeNominal",
                    "name": "SDKError",
                    "printedName": "AntifraudSDK.SDKError",
                    "usr": "s:12AntifraudSDK8SDKErrorO"
                  },
                  {
                    "kind": "TypeNominal",
                    "name": "Metatype",
                    "printedName": "AntifraudSDK.SDKError.Type",
                    "children": [
                      {
                        "kind": "TypeNominal",
                        "name": "SDKError",
                        "printedName": "AntifraudSDK.SDKError",
                        "usr": "s:12AntifraudSDK8SDKErrorO"
                      }
                    ]
                  }
                ]
              }
            ],
            "declKind": "EnumElement",
            "usr": "s:12AntifraudSDK8SDKErrorO24locationServicesDisabledyA2CmF",
            "mangledName": "$s12AntifraudSDK8SDKErrorO24locationServicesDisabledyA2CmF",
            "moduleName": "AntifraudSDK"
          },
          {
            "kind": "Var",
            "name": "locationNotAvailable",
            "printedName": "locationNotAvailable",
            "children": [
              {
                "kind": "TypeFunc",
                "name": "Function",
                "printedName": "(AntifraudSDK.SDKError.Type) -> AntifraudSDK.SDKError",
                "children": [
                  {
                    "kind": "TypeNominal",
                    "name": "SDKError",
                    "printedName": "AntifraudSDK.SDKError",
                    "usr": "s:12AntifraudSDK8SDKErrorO"
                  },
                  {
                    "kind": "TypeNominal",
                    "name": "Metatype",
                    "printedName": "AntifraudSDK.SDKError.Type",
                    "children": [
                      {
                        "kind": "TypeNominal",
                        "name": "SDKError",
                        "printedName": "AntifraudSDK.SDKError",
                        "usr": "s:12AntifraudSDK8SDKErrorO"
                      }
                    ]
                  }
                ]
              }
            ],
            "declKind": "EnumElement",
            "usr": "s:12AntifraudSDK8SDKErrorO20locationNotAvailableyA2CmF",
            "mangledName": "$s12AntifraudSDK8SDKErrorO20locationNotAvailableyA2CmF",
            "moduleName": "AntifraudSDK"
          },
          {
            "kind": "Var",
            "name": "notInitialized",
            "printedName": "notInitialized",
            "children": [
              {
                "kind": "TypeFunc",
                "name": "Function",
                "printedName": "(AntifraudSDK.SDKError.Type) -> AntifraudSDK.SDKError",
                "children": [
                  {
                    "kind": "TypeNominal",
                    "name": "SDKError",
                    "printedName": "AntifraudSDK.SDKError",
                    "usr": "s:12AntifraudSDK8SDKErrorO"
                  },
                  {
                    "kind": "TypeNominal",
                    "name": "Metatype",
                    "printedName": "AntifraudSDK.SDKError.Type",
                    "children": [
                      {
                        "kind": "TypeNominal",
                        "name": "SDKError",
                        "printedName": "AntifraudSDK.SDKError",
                        "usr": "s:12AntifraudSDK8SDKErrorO"
                      }
                    ]
                  }
                ]
              }
            ],
            "declKind": "EnumElement",
            "usr": "s:12AntifraudSDK8SDKErrorO14notInitializedyA2CmF",
            "mangledName": "$s12AntifraudSDK8SDKErrorO14notInitializedyA2CmF",
            "moduleName": "AntifraudSDK"
          },
          {
            "kind": "Var",
            "name": "unknownError",
            "printedName": "unknownError",
            "children": [
              {
                "kind": "TypeFunc",
                "name": "Function",
                "printedName": "(AntifraudSDK.SDKError.Type) -> AntifraudSDK.SDKError",
                "children": [
                  {
                    "kind": "TypeNominal",
                    "name": "SDKError",
                    "printedName": "AntifraudSDK.SDKError",
                    "usr": "s:12AntifraudSDK8SDKErrorO"
                  },
                  {
                    "kind": "TypeNominal",
                    "name": "Metatype",
                    "printedName": "AntifraudSDK.SDKError.Type",
                    "children": [
                      {
                        "kind": "TypeNominal",
                        "name": "SDKError",
                        "printedName": "AntifraudSDK.SDKError",
                        "usr": "s:12AntifraudSDK8SDKErrorO"
                      }
                    ]
                  }
                ]
              }
            ],
            "declKind": "EnumElement",
            "usr": "s:12AntifraudSDK8SDKErrorO12unknownErroryA2CmF",
            "mangledName": "$s12AntifraudSDK8SDKErrorO12unknownErroryA2CmF",
            "moduleName": "AntifraudSDK"
          },
          {
            "kind": "Var",
            "name": "unknownApiError",
            "printedName": "unknownApiError",
            "children": [
              {
                "kind": "TypeFunc",
                "name": "Function",
                "printedName": "(AntifraudSDK.SDKError.Type) -> AntifraudSDK.SDKError",
                "children": [
                  {
                    "kind": "TypeNominal",
                    "name": "SDKError",
                    "printedName": "AntifraudSDK.SDKError",
                    "usr": "s:12AntifraudSDK8SDKErrorO"
                  },
                  {
                    "kind": "TypeNominal",
                    "name": "Metatype",
                    "printedName": "AntifraudSDK.SDKError.Type",
                    "children": [
                      {
                        "kind": "TypeNominal",
                        "name": "SDKError",
                        "printedName": "AntifraudSDK.SDKError",
                        "usr": "s:12AntifraudSDK8SDKErrorO"
                      }
                    ]
                  }
                ]
              }
            ],
            "declKind": "EnumElement",
            "usr": "s:12AntifraudSDK8SDKErrorO15unknownApiErroryA2CmF",
            "mangledName": "$s12AntifraudSDK8SDKErrorO15unknownApiErroryA2CmF",
            "moduleName": "AntifraudSDK"
          },
          {
            "kind": "Var",
            "name": "noActiveApiKey",
            "printedName": "noActiveApiKey",
            "children": [
              {
                "kind": "TypeFunc",
                "name": "Function",
                "printedName": "(AntifraudSDK.SDKError.Type) -> AntifraudSDK.SDKError",
                "children": [
                  {
                    "kind": "TypeNominal",
                    "name": "SDKError",
                    "printedName": "AntifraudSDK.SDKError",
                    "usr": "s:12AntifraudSDK8SDKErrorO"
                  },
                  {
                    "kind": "TypeNominal",
                    "name": "Metatype",
                    "printedName": "AntifraudSDK.SDKError.Type",
                    "children": [
                      {
                        "kind": "TypeNominal",
                        "name": "SDKError",
                        "printedName": "AntifraudSDK.SDKError",
                        "usr": "s:12AntifraudSDK8SDKErrorO"
                      }
                    ]
                  }
                ]
              }
            ],
            "declKind": "EnumElement",
            "usr": "s:12AntifraudSDK8SDKErrorO14noActiveApiKeyyA2CmF",
            "mangledName": "$s12AntifraudSDK8SDKErrorO14noActiveApiKeyyA2CmF",
            "moduleName": "AntifraudSDK"
          },
          {
            "kind": "Var",
            "name": "noRecipeFoundFailure",
            "printedName": "noRecipeFoundFailure",
            "children": [
              {
                "kind": "TypeFunc",
                "name": "Function",
                "printedName": "(AntifraudSDK.SDKError.Type) -> AntifraudSDK.SDKError",
                "children": [
                  {
                    "kind": "TypeNominal",
                    "name": "SDKError",
                    "printedName": "AntifraudSDK.SDKError",
                    "usr": "s:12AntifraudSDK8SDKErrorO"
                  },
                  {
                    "kind": "TypeNominal",
                    "name": "Metatype",
                    "printedName": "AntifraudSDK.SDKError.Type",
                    "children": [
                      {
                        "kind": "TypeNominal",
                        "name": "SDKError",
                        "printedName": "AntifraudSDK.SDKError",
                        "usr": "s:12AntifraudSDK8SDKErrorO"
                      }
                    ]
                  }
                ]
              }
            ],
            "declKind": "EnumElement",
            "usr": "s:12AntifraudSDK8SDKErrorO20noRecipeFoundFailureyA2CmF",
            "mangledName": "$s12AntifraudSDK8SDKErrorO20noRecipeFoundFailureyA2CmF",
            "moduleName": "AntifraudSDK"
          },
          {
            "kind": "Var",
            "name": "noChecksAvailableFailure",
            "printedName": "noChecksAvailableFailure",
            "children": [
              {
                "kind": "TypeFunc",
                "name": "Function",
                "printedName": "(AntifraudSDK.SDKError.Type) -> AntifraudSDK.SDKError",
                "children": [
                  {
                    "kind": "TypeNominal",
                    "name": "SDKError",
                    "printedName": "AntifraudSDK.SDKError",
                    "usr": "s:12AntifraudSDK8SDKErrorO"
                  },
                  {
                    "kind": "TypeNominal",
                    "name": "Metatype",
                    "printedName": "AntifraudSDK.SDKError.Type",
                    "children": [
                      {
                        "kind": "TypeNominal",
                        "name": "SDKError",
                        "printedName": "AntifraudSDK.SDKError",
                        "usr": "s:12AntifraudSDK8SDKErrorO"
                      }
                    ]
                  }
                ]
              }
            ],
            "declKind": "EnumElement",
            "usr": "s:12AntifraudSDK8SDKErrorO24noChecksAvailableFailureyA2CmF",
            "mangledName": "$s12AntifraudSDK8SDKErrorO24noChecksAvailableFailureyA2CmF",
            "moduleName": "AntifraudSDK"
          },
          {
            "kind": "Var",
            "name": "emptyCheckConfigurationFailure",
            "printedName": "emptyCheckConfigurationFailure",
            "children": [
              {
                "kind": "TypeFunc",
                "name": "Function",
                "printedName": "(AntifraudSDK.SDKError.Type) -> AntifraudSDK.SDKError",
                "children": [
                  {
                    "kind": "TypeNominal",
                    "name": "SDKError",
                    "printedName": "AntifraudSDK.SDKError",
                    "usr": "s:12AntifraudSDK8SDKErrorO"
                  },
                  {
                    "kind": "TypeNominal",
                    "name": "Metatype",
                    "printedName": "AntifraudSDK.SDKError.Type",
                    "children": [
                      {
                        "kind": "TypeNominal",
                        "name": "SDKError",
                        "printedName": "AntifraudSDK.SDKError",
                        "usr": "s:12AntifraudSDK8SDKErrorO"
                      }
                    ]
                  }
                ]
              }
            ],
            "declKind": "EnumElement",
            "usr": "s:12AntifraudSDK8SDKErrorO30emptyCheckConfigurationFailureyA2CmF",
            "mangledName": "$s12AntifraudSDK8SDKErrorO30emptyCheckConfigurationFailureyA2CmF",
            "moduleName": "AntifraudSDK"
          },
          {
            "kind": "Var",
            "name": "cannotNavigateToProcMapsFailure",
            "printedName": "cannotNavigateToProcMapsFailure",
            "children": [
              {
                "kind": "TypeFunc",
                "name": "Function",
                "printedName": "(AntifraudSDK.SDKError.Type) -> AntifraudSDK.SDKError",
                "children": [
                  {
                    "kind": "TypeNominal",
                    "name": "SDKError",
                    "printedName": "AntifraudSDK.SDKError",
                    "usr": "s:12AntifraudSDK8SDKErrorO"
                  },
                  {
                    "kind": "TypeNominal",
                    "name": "Metatype",
                    "printedName": "AntifraudSDK.SDKError.Type",
                    "children": [
                      {
                        "kind": "TypeNominal",
                        "name": "SDKError",
                        "printedName": "AntifraudSDK.SDKError",
                        "usr": "s:12AntifraudSDK8SDKErrorO"
                      }
                    ]
                  }
                ]
              }
            ],
            "declKind": "EnumElement",
            "usr": "s:12AntifraudSDK8SDKErrorO31cannotNavigateToProcMapsFailureyA2CmF",
            "mangledName": "$s12AntifraudSDK8SDKErrorO31cannotNavigateToProcMapsFailureyA2CmF",
            "moduleName": "AntifraudSDK"
          },
          {
            "kind": "Constructor",
            "name": "init",
            "printedName": "init(rawValue:)",
            "children": [
              {
                "kind": "TypeNominal",
                "name": "Optional",
                "printedName": "AntifraudSDK.SDKError?",
                "children": [
                  {
                    "kind": "TypeNominal",
                    "name": "SDKError",
                    "printedName": "AntifraudSDK.SDKError",
                    "usr": "s:12AntifraudSDK8SDKErrorO"
                  }
                ],
                "usr": "s:Sq"
              },
              {
                "kind": "TypeNominal",
                "name": "String",
                "printedName": "Swift.String",
                "usr": "s:SS"
              }
            ],
            "declKind": "Constructor",
            "usr": "s:12AntifraudSDK8SDKErrorO8rawValueACSgSS_tcfc",
            "mangledName": "$s12AntifraudSDK8SDKErrorO8rawValueACSgSS_tcfc",
            "moduleName": "AntifraudSDK",
            "implicit": true,
            "init_kind": "Designated"
          },
          {
            "kind": "Var",
            "name": "rawValue",
            "printedName": "rawValue",
            "children": [
              {
                "kind": "TypeNominal",
                "name": "String",
                "printedName": "Swift.String",
                "usr": "s:SS"
              }
            ],
            "declKind": "Var",
            "usr": "s:12AntifraudSDK8SDKErrorO8rawValueSSvp",
            "mangledName": "$s12AntifraudSDK8SDKErrorO8rawValueSSvp",
            "moduleName": "AntifraudSDK",
            "implicit": true,
            "accessors": [
              {
                "kind": "Accessor",
                "name": "Get",
                "printedName": "Get()",
                "children": [
                  {
                    "kind": "TypeNominal",
                    "name": "String",
                    "printedName": "Swift.String",
                    "usr": "s:SS"
                  }
                ],
                "declKind": "Accessor",
                "usr": "s:12AntifraudSDK8SDKErrorO8rawValueSSvg",
                "mangledName": "$s12AntifraudSDK8SDKErrorO8rawValueSSvg",
                "moduleName": "AntifraudSDK",
                "implicit": true,
                "accessorKind": "get"
              }
            ]
          }
        ],
        "declKind": "Enum",
        "usr": "s:12AntifraudSDK8SDKErrorO",
        "mangledName": "$s12AntifraudSDK8SDKErrorO",
        "moduleName": "AntifraudSDK",
        "declAttributes": [
          "AccessControl"
        ],
        "enumRawTypeName": "String",
        "conformances": [
          {
            "kind": "Conformance",
            "name": "Equatable",
            "printedName": "Equatable",
            "usr": "s:SQ",
            "mangledName": "$sSQ"
          },
          {
            "kind": "Conformance",
            "name": "Hashable",
            "printedName": "Hashable",
            "usr": "s:SH",
            "mangledName": "$sSH"
          },
          {
            "kind": "Conformance",
            "name": "RawRepresentable",
            "printedName": "RawRepresentable",
            "children": [
              {
                "kind": "TypeWitness",
                "name": "RawValue",
                "printedName": "RawValue",
                "children": [
                  {
                    "kind": "TypeNominal",
                    "name": "String",
                    "printedName": "Swift.String",
                    "usr": "s:SS"
                  }
                ]
              }
            ],
            "usr": "s:SY",
            "mangledName": "$sSY"
          },
          {
            "kind": "Conformance",
            "name": "Error",
            "printedName": "Error",
            "usr": "s:s5ErrorP",
            "mangledName": "$ss5ErrorP"
          },
          {
            "kind": "Conformance",
            "name": "Sendable",
            "printedName": "Sendable",
            "usr": "s:s8SendableP",
            "mangledName": "$ss8SendableP"
          }
        ]
      },
      {
        "kind": "Import",
        "name": "Foundation",
        "printedName": "Foundation",
        "declKind": "Import",
        "moduleName": "AntifraudSDK",
        "declAttributes": [
          "RawDocComment"
        ]
      },
      {
        "kind": "Import",
        "name": "Foundation",
        "printedName": "Foundation",
        "declKind": "Import",
        "moduleName": "AntifraudSDK",
        "declAttributes": [
          "RawDocComment"
        ]
      },
      {
        "kind": "Import",
        "name": "Foundation",
        "printedName": "Foundation",
        "declKind": "Import",
        "moduleName": "AntifraudSDK",
        "declAttributes": [
          "RawDocComment"
        ]
      },
      {
        "kind": "Import",
        "name": "UIKit",
        "printedName": "UIKit",
        "declKind": "Import",
        "moduleName": "AntifraudSDK"
      },
      {
        "kind": "Import",
        "name": "MachO",
        "printedName": "MachO",
        "declKind": "Import",
        "moduleName": "AntifraudSDK"
      },
      {
        "kind": "Import",
        "name": "AVFoundation",
        "printedName": "AVFoundation",
        "declKind": "Import",
        "moduleName": "AntifraudSDK"
      },
      {
        "kind": "Import",
        "name": "Network",
        "printedName": "Network",
        "declKind": "Import",
        "moduleName": "AntifraudSDK"
      },
      {
        "kind": "Import",
        "name": "shared",
        "printedName": "shared",
        "declKind": "Import",
        "moduleName": "AntifraudSDK",
        "declAttributes": [
          "AccessControl"
        ]
      }
    ],
    "json_format_version": 8
  },
  "ConstValues": [
    {
      "filePath": "\/Users\/vagelisspirou75\/Desktop\/antifraud-sdk-android\/iOSLib\/AntifraudSDK\/Detection\/JailbreakSuspiciousSystemPathsDetection.swift",
      "kind": "StringLiteral",
      "offset": 204,
      "length": 39,
      "value": "\"AntifraudSDK.JailbreakSuspiciousSystemPathsDetection\""
    },
    {
      "filePath": "\/Users\/vagelisspirou75\/Desktop\/antifraud-sdk-android\/iOSLib\/AntifraudSDK\/Detection\/VPNNetworkUTUNDetection.swift",
      "kind": "StringLiteral",
      "offset": 232,
      "length": 23,
      "value": "\"AntifraudSDK.VPNNetworkUTUNDetection\""
    },
    {
      "filePath": "\/Users\/vagelisspirou75\/Desktop\/antifraud-sdk-android\/iOSLib\/AntifraudSDK\/Detection\/VPNNetworkIPSECDetection.swift",
      "kind": "StringLiteral",
      "offset": 196,
      "length": 24,
      "value": "\"AntifraudSDK.VPNNetworkIPSECDetection\""
    },
    {
      "filePath": "\/Users\/vagelisspirou75\/Desktop\/antifraud-sdk-android\/iOSLib\/AntifraudSDK\/Detection\/VPNNetworkPPPDetection.swift",
      "kind": "StringLiteral",
      "offset": 231,
      "length": 22,
      "value": "\"AntifraudSDK.VPNNetworkPPPDetection\""
    },
    {
      "filePath": "\/Users\/vagelisspirou75\/Desktop\/antifraud-sdk-android\/iOSLib\/AntifraudSDK\/SafeSDK.swift",
      "kind": "BooleanLiteral",
      "offset": 401,
      "length": 5,
      "value": "false"
    },
    {
      "filePath": "\/Users\/vagelisspirou75\/Desktop\/antifraud-sdk-android\/iOSLib\/AntifraudSDK\/Detection\/LocationMockFlagsDetection.swift",
      "kind": "StringLiteral",
      "offset": 234,
      "length": 26,
      "value": "\"AntifraudSDK.LocationMockFlagsDetection\""
    },
    {
      "filePath": "\/Users\/vagelisspirou75\/Desktop\/antifraud-sdk-android\/iOSLib\/AntifraudSDK\/Detection\/JailbreakSandboxDetection.swift",
      "kind": "StringLiteral",
      "offset": 190,
      "length": 25,
      "value": "\"AntifraudSDK.JailbreakSandboxDetection\""
    },
    {
      "filePath": "\/Users\/vagelisspirou75\/Desktop\/antifraud-sdk-android\/iOSLib\/AntifraudSDK\/Detection\/NetworkInterfaceDetection.swift",
      "kind": "StringLiteral",
      "offset": 258,
      "length": 25,
      "value": "\"AntifraudSDK.NetworkInterfaceDetection\""
    },
    {
      "filePath": "\/Users\/vagelisspirou75\/Desktop\/antifraud-sdk-android\/iOSLib\/AntifraudSDK\/Detection\/VPNNetworkTUNDetection.swift",
      "kind": "StringLiteral",
      "offset": 194,
      "length": 22,
      "value": "\"AntifraudSDK.VPNNetworkTUNDetection\""
    },
    {
      "filePath": "\/Users\/vagelisspirou75\/Desktop\/antifraud-sdk-android\/iOSLib\/AntifraudSDK\/Detection\/JailbreakFridaDetection.swift",
      "kind": "StringLiteral",
      "offset": 188,
      "length": 23,
      "value": "\"AntifraudSDK.JailbreakFridaDetection\""
    },
    {
      "filePath": "\/Users\/vagelisspirou75\/Desktop\/antifraud-sdk-android\/iOSLib\/AntifraudSDK\/Detection\/JailbreakDYLDSuspiciousLibrariesDetection.swift",
      "kind": "Array",
      "offset": 349,
      "length": 499,
      "value": "[\"FridaGadget\", \"frida\", \"cynject\", \"libcycript\", \"systemhook.dylib\", \"SubstrateLoader.dylib\", \"SSLKillSwitch2.dylib\", \"SSLKillSwitch.dylib\", \"MobileSubstrate.dylib\", \"TweakInject.dylib\", \"CydiaSubstrate\", \"CustomWidgetIcons\", \"PreferenceLoader\", \"RocketBootstrap\", \"WeeLoader\", \"\/.file\", \"libhooker\", \"SubstrateInserter\", \"SubstrateBootstrap\", \"ABypass\", \"FlyJB\", \"Substitute\", \"Cephei\", \"Electra\", \"AppSyncUnified-FrontBoard.dylib\", \"Shadow\"]"
    },
    {
      "filePath": "\/Users\/vagelisspirou75\/Desktop\/antifraud-sdk-android\/iOSLib\/AntifraudSDK\/Detection\/JailbreakDYLDSuspiciousLibrariesDetection.swift",
      "kind": "StringLiteral",
      "offset": 219,
      "length": 41,
      "value": "\"AntifraudSDK.JailbreakDYLDSuspiciousLibrariesDetection\""
    },
    {
      "filePath": "\/Users\/vagelisspirou75\/Desktop\/antifraud-sdk-android\/iOSLib\/AntifraudSDK\/Manager\/DeviceSeedManager.swift",
      "kind": "StringLiteral",
      "offset": 216,
      "length": 2,
      "value": "\"\""
    },
    {
      "filePath": "\/Users\/vagelisspirou75\/Desktop\/antifraud-sdk-android\/iOSLib\/AntifraudSDK\/Manager\/DeviceSeedManager.swift",
      "kind": "StringLiteral",
      "offset": 248,
      "length": 25,
      "value": "\"com.bespot.AntifraudSDK\""
    },
    {
      "filePath": "\/Users\/vagelisspirou75\/Desktop\/antifraud-sdk-android\/iOSLib\/AntifraudSDK\/Manager\/DeviceSeedManager.swift",
      "kind": "StringLiteral",
      "offset": 303,
      "length": 13,
      "value": "\"device-seed\""
    },
    {
      "filePath": "\/Users\/vagelisspirou75\/Desktop\/antifraud-sdk-android\/iOSLib\/AntifraudSDK\/Detection\/VPNNetworkTAPDetection.swift",
      "kind": "StringLiteral",
      "offset": 194,
      "length": 22,
      "value": "\"AntifraudSDK.VPNNetworkTAPDetection\""
    },
    {
      "filePath": "\/Users\/vagelisspirou75\/Desktop\/antifraud-sdk-android\/iOSLib\/AntifraudSDK\/Model\/Location.swift",
      "kind": "BooleanLiteral",
      "offset": 324,
      "length": 5,
      "value": "false"
    },
    {
      "filePath": "\/Users\/vagelisspirou75\/Desktop\/antifraud-sdk-android\/iOSLib\/AntifraudSDK\/Model\/Location.swift",
      "kind": "BooleanLiteral",
      "offset": 365,
      "length": 5,
      "value": "false"
    },
    {
      "filePath": "\/Users\/vagelisspirou75\/Desktop\/antifraud-sdk-android\/iOSLib\/AntifraudSDK\/Detection\/JailbreakSuspiciousAppsPathDetection.swift",
      "kind": "StringLiteral",
      "offset": 201,
      "length": 36,
      "value": "\"AntifraudSDK.JailbreakSuspiciousAppsPathDetection\""
    },
    {
      "filePath": "\/Users\/vagelisspirou75\/Desktop\/antifraud-sdk-android\/iOSLib\/AntifraudSDK\/Manager\/AppStateManager.swift",
      "kind": "BooleanLiteral",
      "offset": 283,
      "length": 4,
      "value": "true"
    },
    {
      "filePath": "\/Users\/vagelisspirou75\/Desktop\/antifraud-sdk-android\/iOSLib\/AntifraudSDK\/Detection\/JailbreakURISchemesDetection.swift",
      "kind": "Array",
      "offset": 302,
      "length": 197,
      "value": "[\"sileo:\/\/package\/org.coolstar.Sileo\", \"cydia:\/\/package\/com.saurik.Cydia\", \"zbra:\/\/package\/com.apptapp.Zebra\", \"filza:\/\/package\/com.tigisoftware.filza\", \"cydia:\/\/package\/libactivator\"]"
    },
    {
      "filePath": "\/Users\/vagelisspirou75\/Desktop\/antifraud-sdk-android\/iOSLib\/AntifraudSDK\/Detection\/JailbreakURISchemesDetection.swift",
      "kind": "StringLiteral",
      "offset": 206,
      "length": 28,
      "value": "\"AntifraudSDK.JailbreakURISchemesDetection\""
    },
    {
      "filePath": "\/Users\/vagelisspirou75\/Desktop\/antifraud-sdk-android\/iOSLib\/AntifraudSDK\/Detection\/VPNDetector.swift",
      "kind": "StringLiteral",
      "offset": 173,
      "length": 5,
      "value": "\"ppp\""
    },
    {
      "filePath": "\/Users\/vagelisspirou75\/Desktop\/antifraud-sdk-android\/iOSLib\/AntifraudSDK\/Detection\/VPNDetector.swift",
      "kind": "StringLiteral",
      "offset": 194,
      "length": 5,
      "value": "\"tun\""
    },
    {
      "filePath": "\/Users\/vagelisspirou75\/Desktop\/antifraud-sdk-android\/iOSLib\/AntifraudSDK\/Detection\/VPNDetector.swift",
      "kind": "StringLiteral",
      "offset": 216,
      "length": 6,
      "value": "\"utun\""
    },
    {
      "filePath": "\/Users\/vagelisspirou75\/Desktop\/antifraud-sdk-android\/iOSLib\/AntifraudSDK\/Detection\/VPNDetector.swift",
      "kind": "StringLiteral",
      "offset": 238,
      "length": 5,
      "value": "\"tap\""
    },
    {
      "filePath": "\/Users\/vagelisspirou75\/Desktop\/antifraud-sdk-android\/iOSLib\/AntifraudSDK\/Detection\/VPNDetector.swift",
      "kind": "StringLiteral",
      "offset": 261,
      "length": 7,
      "value": "\"ipsec\""
    },
    {
      "filePath": "\/Users\/vagelisspirou75\/Desktop\/antifraud-sdk-android\/iOSLib\/AntifraudSDK\/Detection\/VPNDetector.swift",
      "kind": "StringLiteral",
      "offset": 173,
      "length": 5,
      "value": "\"ppp\""
    },
    {
      "filePath": "\/Users\/vagelisspirou75\/Desktop\/antifraud-sdk-android\/iOSLib\/AntifraudSDK\/Detection\/VPNDetector.swift",
      "kind": "StringLiteral",
      "offset": 194,
      "length": 5,
      "value": "\"tun\""
    },
    {
      "filePath": "\/Users\/vagelisspirou75\/Desktop\/antifraud-sdk-android\/iOSLib\/AntifraudSDK\/Detection\/VPNDetector.swift",
      "kind": "StringLiteral",
      "offset": 216,
      "length": 6,
      "value": "\"utun\""
    },
    {
      "filePath": "\/Users\/vagelisspirou75\/Desktop\/antifraud-sdk-android\/iOSLib\/AntifraudSDK\/Detection\/VPNDetector.swift",
      "kind": "StringLiteral",
      "offset": 238,
      "length": 5,
      "value": "\"tap\""
    },
    {
      "filePath": "\/Users\/vagelisspirou75\/Desktop\/antifraud-sdk-android\/iOSLib\/AntifraudSDK\/Detection\/VPNDetector.swift",
      "kind": "StringLiteral",
      "offset": 261,
      "length": 7,
      "value": "\"ipsec\""
    },
    {
      "filePath": "\/Users\/vagelisspirou75\/Desktop\/antifraud-sdk-android\/iOSLib\/AntifraudSDK\/AppInfo.swift",
      "kind": "StringLiteral",
      "offset": 360,
      "length": 2,
      "value": "\"\""
    },
    {
      "filePath": "\/Users\/vagelisspirou75\/Desktop\/antifraud-sdk-android\/iOSLib\/AntifraudSDK\/AppInfo.swift",
      "kind": "StringLiteral",
      "offset": 498,
      "length": 2,
      "value": "\"\""
    },
    {
      "filePath": "\/Users\/vagelisspirou75\/Desktop\/antifraud-sdk-android\/iOSLib\/AntifraudSDK\/AppInfo.swift",
      "kind": "StringLiteral",
      "offset": 572,
      "length": 28,
      "value": "\"CFBundleShortVersionString\""
    },
    {
      "filePath": "\/Users\/vagelisspirou75\/Desktop\/antifraud-sdk-android\/iOSLib\/AntifraudSDK\/AppInfo.swift",
      "kind": "StringLiteral",
      "offset": 616,
      "length": 2,
      "value": "\"\""
    },
    {
      "filePath": "\/Users\/vagelisspirou75\/Desktop\/antifraud-sdk-android\/iOSLib\/AntifraudSDK\/AppInfo.swift",
      "kind": "StringLiteral",
      "offset": 684,
      "length": 17,
      "value": "\"CFBundleVersion\""
    },
    {
      "filePath": "\/Users\/vagelisspirou75\/Desktop\/antifraud-sdk-android\/iOSLib\/AntifraudSDK\/AppInfo.swift",
      "kind": "StringLiteral",
      "offset": 717,
      "length": 2,
      "value": "\"\""
    },
    {
      "filePath": "\/Users\/vagelisspirou75\/Desktop\/antifraud-sdk-android\/iOSLib\/AntifraudSDK\/DeviceInfo.swift",
      "kind": "StringLiteral",
      "offset": 4057,
      "length": 18,
      "value": "\"VirtualOrUnknown\""
    },
    {
      "filePath": "\/Users\/vagelisspirou75\/Desktop\/antifraud-sdk-android\/iOSLib\/AntifraudSDK\/DeviceInfo.swift",
      "kind": "StringLiteral",
      "offset": 4121,
      "length": 6,
      "value": "\"WiFi\""
    },
    {
      "filePath": "\/Users\/vagelisspirou75\/Desktop\/antifraud-sdk-android\/iOSLib\/AntifraudSDK\/DeviceInfo.swift",
      "kind": "StringLiteral",
      "offset": 4148,
      "length": 10,
      "value": "\"Cellular\""
    },
    {
      "filePath": "\/Users\/vagelisspirou75\/Desktop\/antifraud-sdk-android\/iOSLib\/AntifraudSDK\/DeviceInfo.swift",
      "kind": "StringLiteral",
      "offset": 4179,
      "length": 10,
      "value": "\"Ethernet\""
    },
    {
      "filePath": "\/Users\/vagelisspirou75\/Desktop\/antifraud-sdk-android\/iOSLib\/AntifraudSDK\/DeviceInfo.swift",
      "kind": "StringLiteral",
      "offset": 4210,
      "length": 10,
      "value": "\"Loopback\""
    },
    {
      "filePath": "\/Users\/vagelisspirou75\/Desktop\/antifraud-sdk-android\/iOSLib\/AntifraudSDK\/DeviceInfo.swift",
      "kind": "StringLiteral",
      "offset": 4245,
      "length": 14,
      "value": "\"NoConnection\""
    },
    {
      "filePath": "\/Users\/vagelisspirou75\/Desktop\/antifraud-sdk-android\/iOSLib\/AntifraudSDK\/DeviceInfo.swift",
      "kind": "StringLiteral",
      "offset": 4057,
      "length": 18,
      "value": "\"VirtualOrUnknown\""
    },
    {
      "filePath": "\/Users\/vagelisspirou75\/Desktop\/antifraud-sdk-android\/iOSLib\/AntifraudSDK\/DeviceInfo.swift",
      "kind": "StringLiteral",
      "offset": 4121,
      "length": 6,
      "value": "\"WiFi\""
    },
    {
      "filePath": "\/Users\/vagelisspirou75\/Desktop\/antifraud-sdk-android\/iOSLib\/AntifraudSDK\/DeviceInfo.swift",
      "kind": "StringLiteral",
      "offset": 4148,
      "length": 10,
      "value": "\"Cellular\""
    },
    {
      "filePath": "\/Users\/vagelisspirou75\/Desktop\/antifraud-sdk-android\/iOSLib\/AntifraudSDK\/DeviceInfo.swift",
      "kind": "StringLiteral",
      "offset": 4179,
      "length": 10,
      "value": "\"Ethernet\""
    },
    {
      "filePath": "\/Users\/vagelisspirou75\/Desktop\/antifraud-sdk-android\/iOSLib\/AntifraudSDK\/DeviceInfo.swift",
      "kind": "StringLiteral",
      "offset": 4210,
      "length": 10,
      "value": "\"Loopback\""
    },
    {
      "filePath": "\/Users\/vagelisspirou75\/Desktop\/antifraud-sdk-android\/iOSLib\/AntifraudSDK\/DeviceInfo.swift",
      "kind": "StringLiteral",
      "offset": 4245,
      "length": 14,
      "value": "\"NoConnection\""
    }
  ]
}