{
  "ABIRoot": {
    "kind": "Root",
    "name": "TopLevel",
    "printedName": "TopLevel",
    "children": [
      {
        "kind": "Import",
        "name": "Foundation",
        "printedName": "Foundation",
        "declKind": "Import",
        "moduleName": "iOSLib",
        "declAttributes": [
          "RawDocComment"
        ]
      },
      {
        "kind": "Import",
        "name": "UIKit",
        "printedName": "UIKit",
        "declKind": "Import",
        "moduleName": "iOSLib"
      },
      {
        "kind": "Import",
        "name": "shared",
        "printedName": "shared",
        "declKind": "Import",
        "moduleName": "iOSLib",
        "declAttributes": [
          "ImplementationOnly"
        ]
      },
      {
        "kind": "Import",
        "name": "Foundation",
        "printedName": "Foundation",
        "declKind": "Import",
        "moduleName": "iOSLib",
        "declAttributes": [
          "RawDocComment"
        ]
      },
      {
        "kind": "Import",
        "name": "UIKit",
        "printedName": "UIKit",
        "declKind": "Import",
        "moduleName": "iOSLib"
      },
      {
        "kind": "Import",
        "name": "shared",
        "printedName": "shared",
        "declKind": "Import",
        "moduleName": "iOSLib",
        "declAttributes": [
          "ImplementationOnly"
        ]
      },
      {
        "kind": "TypeDecl",
        "name": "SafeSDK",
        "printedName": "SafeSDK",
        "children": [
          {
            "kind": "Var",
            "name": "sharedSafeSDK",
            "printedName": "sharedSafeSDK",
            "children": [
              {
                "kind": "TypeNominal",
                "name": "SafeSDK",
                "printedName": "iOSLib.SafeSDK",
                "usr": "s:6iOSLib7SafeSDKC"
              }
            ],
            "declKind": "Var",
            "usr": "s:6iOSLib7SafeSDKC06sharedbC0ACvpZ",
            "mangledName": "$s6iOSLib7SafeSDKC06sharedbC0ACvpZ",
            "moduleName": "iOSLib",
            "static": true,
            "declAttributes": [
              "HasInitialValue",
              "Final",
              "HasStorage",
              "AccessControl",
              "RawDocComment"
            ],
            "isLet": true,
            "hasStorage": true,
            "accessors": [
              {
                "kind": "Accessor",
                "name": "Get",
                "printedName": "Get()",
                "children": [
                  {
                    "kind": "TypeNominal",
                    "name": "SafeSDK",
                    "printedName": "iOSLib.SafeSDK",
                    "usr": "s:6iOSLib7SafeSDKC"
                  }
                ],
                "declKind": "Accessor",
                "usr": "s:6iOSLib7SafeSDKC06sharedbC0ACvgZ",
                "mangledName": "$s6iOSLib7SafeSDKC06sharedbC0ACvgZ",
                "moduleName": "iOSLib",
                "static": true,
                "implicit": true,
                "declAttributes": [
                  "Final"
                ],
                "accessorKind": "get"
              }
            ]
          },
          {
            "kind": "Function",
            "name": "initialize",
            "printedName": "initialize(apiBaseUrl:apiKey:params:)",
            "children": [
              {
                "kind": "TypeNominal",
                "name": "Void",
                "printedName": "()"
              },
              {
                "kind": "TypeNominal",
                "name": "String",
                "printedName": "Swift.String",
                "usr": "s:SS"
              },
              {
                "kind": "TypeNominal",
                "name": "String",
                "printedName": "Swift.String",
                "usr": "s:SS"
              },
              {
                "kind": "TypeNominal",
                "name": "Optional",
                "printedName": "[Swift.String : Any]?",
                "children": [
                  {
                    "kind": "TypeNominal",
                    "name": "Dictionary",
                    "printedName": "[Swift.String : Any]",
                    "children": [
                      {
                        "kind": "TypeNominal",
                        "name": "String",
                        "printedName": "Swift.String",
                        "usr": "s:SS"
                      },
                      {
                        "kind": "TypeNominal",
                        "name": "ProtocolComposition",
                        "printedName": "Any"
                      }
                    ],
                    "usr": "s:SD"
                  }
                ],
                "hasDefaultArg": true,
                "usr": "s:Sq"
              }
            ],
            "declKind": "Func",
            "usr": "s:6iOSLib7SafeSDKC10initialize10apiBaseUrl0E3Key6paramsySS_SSSDySSypGSgtF",
            "mangledName": "$s6iOSLib7SafeSDKC10initialize10apiBaseUrl0E3Key6paramsySS_SSSDySSypGSgtF",
            "moduleName": "iOSLib",
            "declAttributes": [
              "AccessControl",
              "RawDocComment"
            ],
            "funcSelfKind": "NonMutating"
          },
          {
            "kind": "Function",
            "name": "check",
            "printedName": "check(checkCompletion:)",
            "children": [
              {
                "kind": "TypeNominal",
                "name": "Void",
                "printedName": "()"
              },
              {
                "kind": "TypeFunc",
                "name": "Function",
                "printedName": "(Swift.Result<iOSLib.Action, iOSLib.SDKError>) -> ()",
                "children": [
                  {
                    "kind": "TypeNominal",
                    "name": "Void",
                    "printedName": "()"
                  },
                  {
                    "kind": "TypeNominal",
                    "name": "Result",
                    "printedName": "Swift.Result<iOSLib.Action, iOSLib.SDKError>",
                    "children": [
                      {
                        "kind": "TypeNominal",
                        "name": "Action",
                        "printedName": "iOSLib.Action",
                        "usr": "s:6iOSLib6ActionC"
                      },
                      {
                        "kind": "TypeNominal",
                        "name": "SDKError",
                        "printedName": "iOSLib.SDKError",
                        "usr": "s:6iOSLib8SDKErrorO"
                      }
                    ],
                    "usr": "s:s6ResultO"
                  }
                ]
              }
            ],
            "declKind": "Func",
            "usr": "s:6iOSLib7SafeSDKC5check0D10Completionyys6ResultOyAA6ActionCAA8SDKErrorOGc_tF",
            "mangledName": "$s6iOSLib7SafeSDKC5check0D10Completionyys6ResultOyAA6ActionCAA8SDKErrorOGc_tF",
            "moduleName": "iOSLib",
            "declAttributes": [
              "AccessControl",
              "RawDocComment"
            ],
            "funcSelfKind": "NonMutating"
          },
          {
            "kind": "Function",
            "name": "setUserId",
            "printedName": "setUserId(_:)",
            "children": [
              {
                "kind": "TypeNominal",
                "name": "Void",
                "printedName": "()"
              },
              {
                "kind": "TypeNominal",
                "name": "String",
                "printedName": "Swift.String",
                "usr": "s:SS"
              }
            ],
            "declKind": "Func",
            "usr": "s:6iOSLib7SafeSDKC9setUserIdyySSF",
            "mangledName": "$s6iOSLib7SafeSDKC9setUserIdyySSF",
            "moduleName": "iOSLib",
            "declAttributes": [
              "AccessControl",
              "RawDocComment"
            ],
            "funcSelfKind": "NonMutating"
          }
        ],
        "declKind": "Class",
        "usr": "s:6iOSLib7SafeSDKC",
        "mangledName": "$s6iOSLib7SafeSDKC",
        "moduleName": "iOSLib",
        "declAttributes": [
          "AccessControl"
        ],
        "hasMissingDesignatedInitializers": true
      },
      {
        "kind": "Import",
        "name": "Foundation",
        "printedName": "Foundation",
        "declKind": "Import",
        "moduleName": "iOSLib",
        "declAttributes": [
          "RawDocComment"
        ]
      },
      {
        "kind": "Import",
        "name": "shared",
        "printedName": "shared",
        "declKind": "Import",
        "moduleName": "iOSLib",
        "declAttributes": [
          "ImplementationOnly"
        ]
      },
      {
        "kind": "Import",
        "name": "Foundation",
        "printedName": "Foundation",
        "declKind": "Import",
        "moduleName": "iOSLib",
        "declAttributes": [
          "RawDocComment"
        ]
      },
      {
        "kind": "Import",
        "name": "shared",
        "printedName": "shared",
        "declKind": "Import",
        "moduleName": "iOSLib",
        "declAttributes": [
          "ImplementationOnly"
        ]
      },
      {
        "kind": "Import",
        "name": "Foundation",
        "printedName": "Foundation",
        "declKind": "Import",
        "moduleName": "iOSLib",
        "declAttributes": [
          "RawDocComment"
        ]
      },
      {
        "kind": "Import",
        "name": "shared",
        "printedName": "shared",
        "declKind": "Import",
        "moduleName": "iOSLib",
        "declAttributes": [
          "ImplementationOnly"
        ]
      },
      {
        "kind": "Import",
        "name": "Foundation",
        "printedName": "Foundation",
        "declKind": "Import",
        "moduleName": "iOSLib",
        "declAttributes": [
          "RawDocComment"
        ]
      },
      {
        "kind": "Import",
        "name": "shared",
        "printedName": "shared",
        "declKind": "Import",
        "moduleName": "iOSLib"
      },
      {
        "kind": "Import",
        "name": "Foundation",
        "printedName": "Foundation",
        "declKind": "Import",
        "moduleName": "iOSLib",
        "declAttributes": [
          "RawDocComment"
        ]
      },
      {
        "kind": "Import",
        "name": "CoreLocation",
        "printedName": "CoreLocation",
        "declKind": "Import",
        "moduleName": "iOSLib"
      },
      {
        "kind": "TypeDecl",
        "name": "Location",
        "printedName": "Location",
        "declKind": "Struct",
        "usr": "s:6iOSLib8LocationV",
        "mangledName": "$s6iOSLib8LocationV",
        "moduleName": "iOSLib",
        "declAttributes": [
          "AccessControl"
        ]
      },
      {
        "kind": "Import",
        "name": "Foundation",
        "printedName": "Foundation",
        "declKind": "Import",
        "moduleName": "iOSLib",
        "declAttributes": [
          "RawDocComment"
        ]
      },
      {
        "kind": "Import",
        "name": "UIKit",
        "printedName": "UIKit",
        "declKind": "Import",
        "moduleName": "iOSLib"
      },
      {
        "kind": "Import",
        "name": "shared",
        "printedName": "shared",
        "declKind": "Import",
        "moduleName": "iOSLib",
        "declAttributes": [
          "ImplementationOnly"
        ]
      },
      {
        "kind": "Import",
        "name": "Foundation",
        "printedName": "Foundation",
        "declKind": "Import",
        "moduleName": "iOSLib",
        "declAttributes": [
          "RawDocComment"
        ]
      },
      {
        "kind": "Import",
        "name": "UIKit",
        "printedName": "UIKit",
        "declKind": "Import",
        "moduleName": "iOSLib"
      },
      {
        "kind": "Import",
        "name": "CoreLocation",
        "printedName": "CoreLocation",
        "declKind": "Import",
        "moduleName": "iOSLib"
      },
      {
        "kind": "Import",
        "name": "shared",
        "printedName": "shared",
        "declKind": "Import",
        "moduleName": "iOSLib",
        "declAttributes": [
          "ImplementationOnly"
        ]
      },
      {
        "kind": "Import",
        "name": "Foundation",
        "printedName": "Foundation",
        "declKind": "Import",
        "moduleName": "iOSLib",
        "declAttributes": [
          "RawDocComment"
        ]
      },
      {
        "kind": "Import",
        "name": "shared",
        "printedName": "shared",
        "declKind": "Import",
        "moduleName": "iOSLib"
      },
      {
        "kind": "TypeDecl",
        "name": "Action",
        "printedName": "Action",
        "children": [
          {
            "kind": "Var",
            "name": "actionType",
            "printedName": "actionType",
            "children": [
              {
                "kind": "TypeNominal",
                "name": "ActionType",
                "printedName": "iOSLib.ActionType",
                "usr": "s:6iOSLib10ActionTypeO"
              }
            ],
            "declKind": "Var",
            "usr": "s:6iOSLib6ActionC10actionTypeAA0bD0Ovp",
            "mangledName": "$s6iOSLib6ActionC10actionTypeAA0bD0Ovp",
            "moduleName": "iOSLib",
            "declAttributes": [
              "HasStorage",
              "AccessControl"
            ],
            "hasStorage": true,
            "accessors": [
              {
                "kind": "Accessor",
                "name": "Get",
                "printedName": "Get()",
                "children": [
                  {
                    "kind": "TypeNominal",
                    "name": "ActionType",
                    "printedName": "iOSLib.ActionType",
                    "usr": "s:6iOSLib10ActionTypeO"
                  }
                ],
                "declKind": "Accessor",
                "usr": "s:6iOSLib6ActionC10actionTypeAA0bD0Ovg",
                "mangledName": "$s6iOSLib6ActionC10actionTypeAA0bD0Ovg",
                "moduleName": "iOSLib",
                "implicit": true,
                "accessorKind": "get"
              },
              {
                "kind": "Accessor",
                "name": "Set",
                "printedName": "Set()",
                "children": [
                  {
                    "kind": "TypeNominal",
                    "name": "Void",
                    "printedName": "()"
                  },
                  {
                    "kind": "TypeNominal",
                    "name": "ActionType",
                    "printedName": "iOSLib.ActionType",
                    "usr": "s:6iOSLib10ActionTypeO"
                  }
                ],
                "declKind": "Accessor",
                "usr": "s:6iOSLib6ActionC10actionTypeAA0bD0Ovs",
                "mangledName": "$s6iOSLib6ActionC10actionTypeAA0bD0Ovs",
                "moduleName": "iOSLib",
                "implicit": true,
                "accessorKind": "set"
              },
              {
                "kind": "Accessor",
                "name": "Modify",
                "printedName": "Modify()",
                "children": [
                  {
                    "kind": "TypeNominal",
                    "name": "Void",
                    "printedName": "()"
                  }
                ],
                "declKind": "Accessor",
                "usr": "s:6iOSLib6ActionC10actionTypeAA0bD0OvM",
                "mangledName": "$s6iOSLib6ActionC10actionTypeAA0bD0OvM",
                "moduleName": "iOSLib",
                "implicit": true,
                "accessorKind": "_modify"
              }
            ]
          },
          {
            "kind": "Var",
            "name": "signature",
            "printedName": "signature",
            "children": [
              {
                "kind": "TypeNominal",
                "name": "String",
                "printedName": "Swift.String",
                "usr": "s:SS"
              }
            ],
            "declKind": "Var",
            "usr": "s:6iOSLib6ActionC9signatureSSvp",
            "mangledName": "$s6iOSLib6ActionC9signatureSSvp",
            "moduleName": "iOSLib",
            "declAttributes": [
              "HasStorage",
              "AccessControl"
            ],
            "hasStorage": true,
            "accessors": [
              {
                "kind": "Accessor",
                "name": "Get",
                "printedName": "Get()",
                "children": [
                  {
                    "kind": "TypeNominal",
                    "name": "String",
                    "printedName": "Swift.String",
                    "usr": "s:SS"
                  }
                ],
                "declKind": "Accessor",
                "usr": "s:6iOSLib6ActionC9signatureSSvg",
                "mangledName": "$s6iOSLib6ActionC9signatureSSvg",
                "moduleName": "iOSLib",
                "implicit": true,
                "accessorKind": "get"
              },
              {
                "kind": "Accessor",
                "name": "Set",
                "printedName": "Set()",
                "children": [
                  {
                    "kind": "TypeNominal",
                    "name": "Void",
                    "printedName": "()"
                  },
                  {
                    "kind": "TypeNominal",
                    "name": "String",
                    "printedName": "Swift.String",
                    "usr": "s:SS"
                  }
                ],
                "declKind": "Accessor",
                "usr": "s:6iOSLib6ActionC9signatureSSvs",
                "mangledName": "$s6iOSLib6ActionC9signatureSSvs",
                "moduleName": "iOSLib",
                "implicit": true,
                "accessorKind": "set"
              },
              {
                "kind": "Accessor",
                "name": "Modify",
                "printedName": "Modify()",
                "children": [
                  {
                    "kind": "TypeNominal",
                    "name": "Void",
                    "printedName": "()"
                  }
                ],
                "declKind": "Accessor",
                "usr": "s:6iOSLib6ActionC9signatureSSvM",
                "mangledName": "$s6iOSLib6ActionC9signatureSSvM",
                "moduleName": "iOSLib",
                "implicit": true,
                "accessorKind": "_modify"
              }
            ]
          }
        ],
        "declKind": "Class",
        "usr": "s:6iOSLib6ActionC",
        "mangledName": "$s6iOSLib6ActionC",
        "moduleName": "iOSLib",
        "declAttributes": [
          "AccessControl"
        ],
        "hasMissingDesignatedInitializers": true
      },
      {
        "kind": "TypeDecl",
        "name": "ActionType",
        "printedName": "ActionType",
        "children": [
          {
            "kind": "Var",
            "name": "block",
            "printedName": "block",
            "children": [
              {
                "kind": "TypeFunc",
                "name": "Function",
                "printedName": "(iOSLib.ActionType.Type) -> iOSLib.ActionType",
                "children": [
                  {
                    "kind": "TypeNominal",
                    "name": "ActionType",
                    "printedName": "iOSLib.ActionType",
                    "usr": "s:6iOSLib10ActionTypeO"
                  },
                  {
                    "kind": "TypeNominal",
                    "name": "Metatype",
                    "printedName": "iOSLib.ActionType.Type",
                    "children": [
                      {
                        "kind": "TypeNominal",
                        "name": "ActionType",
                        "printedName": "iOSLib.ActionType",
                        "usr": "s:6iOSLib10ActionTypeO"
                      }
                    ]
                  }
                ]
              }
            ],
            "declKind": "EnumElement",
            "usr": "s:6iOSLib10ActionTypeO5blockyA2CmF",
            "mangledName": "$s6iOSLib10ActionTypeO5blockyA2CmF",
            "moduleName": "iOSLib"
          },
          {
            "kind": "Var",
            "name": "limitAccess",
            "printedName": "limitAccess",
            "children": [
              {
                "kind": "TypeFunc",
                "name": "Function",
                "printedName": "(iOSLib.ActionType.Type) -> iOSLib.ActionType",
                "children": [
                  {
                    "kind": "TypeNominal",
                    "name": "ActionType",
                    "printedName": "iOSLib.ActionType",
                    "usr": "s:6iOSLib10ActionTypeO"
                  },
                  {
                    "kind": "TypeNominal",
                    "name": "Metatype",
                    "printedName": "iOSLib.ActionType.Type",
                    "children": [
                      {
                        "kind": "TypeNominal",
                        "name": "ActionType",
                        "printedName": "iOSLib.ActionType",
                        "usr": "s:6iOSLib10ActionTypeO"
                      }
                    ]
                  }
                ]
              }
            ],
            "declKind": "EnumElement",
            "usr": "s:6iOSLib10ActionTypeO11limitAccessyA2CmF",
            "mangledName": "$s6iOSLib10ActionTypeO11limitAccessyA2CmF",
            "moduleName": "iOSLib"
          },
          {
            "kind": "Var",
            "name": "monitor",
            "printedName": "monitor",
            "children": [
              {
                "kind": "TypeFunc",
                "name": "Function",
                "printedName": "(iOSLib.ActionType.Type) -> iOSLib.ActionType",
                "children": [
                  {
                    "kind": "TypeNominal",
                    "name": "ActionType",
                    "printedName": "iOSLib.ActionType",
                    "usr": "s:6iOSLib10ActionTypeO"
                  },
                  {
                    "kind": "TypeNominal",
                    "name": "Metatype",
                    "printedName": "iOSLib.ActionType.Type",
                    "children": [
                      {
                        "kind": "TypeNominal",
                        "name": "ActionType",
                        "printedName": "iOSLib.ActionType",
                        "usr": "s:6iOSLib10ActionTypeO"
                      }
                    ]
                  }
                ]
              }
            ],
            "declKind": "EnumElement",
            "usr": "s:6iOSLib10ActionTypeO7monitoryA2CmF",
            "mangledName": "$s6iOSLib10ActionTypeO7monitoryA2CmF",
            "moduleName": "iOSLib"
          },
          {
            "kind": "Var",
            "name": "notSafe",
            "printedName": "notSafe",
            "children": [
              {
                "kind": "TypeFunc",
                "name": "Function",
                "printedName": "(iOSLib.ActionType.Type) -> iOSLib.ActionType",
                "children": [
                  {
                    "kind": "TypeNominal",
                    "name": "ActionType",
                    "printedName": "iOSLib.ActionType",
                    "usr": "s:6iOSLib10ActionTypeO"
                  },
                  {
                    "kind": "TypeNominal",
                    "name": "Metatype",
                    "printedName": "iOSLib.ActionType.Type",
                    "children": [
                      {
                        "kind": "TypeNominal",
                        "name": "ActionType",
                        "printedName": "iOSLib.ActionType",
                        "usr": "s:6iOSLib10ActionTypeO"
                      }
                    ]
                  }
                ]
              }
            ],
            "declKind": "EnumElement",
            "usr": "s:6iOSLib10ActionTypeO7notSafeyA2CmF",
            "mangledName": "$s6iOSLib10ActionTypeO7notSafeyA2CmF",
            "moduleName": "iOSLib"
          },
          {
            "kind": "Var",
            "name": "safe",
            "printedName": "safe",
            "children": [
              {
                "kind": "TypeFunc",
                "name": "Function",
                "printedName": "(iOSLib.ActionType.Type) -> iOSLib.ActionType",
                "children": [
                  {
                    "kind": "TypeNominal",
                    "name": "ActionType",
                    "printedName": "iOSLib.ActionType",
                    "usr": "s:6iOSLib10ActionTypeO"
                  },
                  {
                    "kind": "TypeNominal",
                    "name": "Metatype",
                    "printedName": "iOSLib.ActionType.Type",
                    "children": [
                      {
                        "kind": "TypeNominal",
                        "name": "ActionType",
                        "printedName": "iOSLib.ActionType",
                        "usr": "s:6iOSLib10ActionTypeO"
                      }
                    ]
                  }
                ]
              }
            ],
            "declKind": "EnumElement",
            "usr": "s:6iOSLib10ActionTypeO4safeyA2CmF",
            "mangledName": "$s6iOSLib10ActionTypeO4safeyA2CmF",
            "moduleName": "iOSLib"
          },
          {
            "kind": "Function",
            "name": "==",
            "printedName": "==(_:_:)",
            "children": [
              {
                "kind": "TypeNominal",
                "name": "Bool",
                "printedName": "Swift.Bool",
                "usr": "s:Sb"
              },
              {
                "kind": "TypeNominal",
                "name": "ActionType",
                "printedName": "iOSLib.ActionType",
                "usr": "s:6iOSLib10ActionTypeO"
              },
              {
                "kind": "TypeNominal",
                "name": "ActionType",
                "printedName": "iOSLib.ActionType",
                "usr": "s:6iOSLib10ActionTypeO"
              }
            ],
            "declKind": "Func",
            "usr": "s:6iOSLib10ActionTypeO2eeoiySbAC_ACtFZ",
            "mangledName": "$s6iOSLib10ActionTypeO2eeoiySbAC_ACtFZ",
            "moduleName": "iOSLib",
            "static": true,
            "implicit": true,
            "funcSelfKind": "NonMutating"
          },
          {
            "kind": "Var",
            "name": "hashValue",
            "printedName": "hashValue",
            "children": [
              {
                "kind": "TypeNominal",
                "name": "Int",
                "printedName": "Swift.Int",
                "usr": "s:Si"
              }
            ],
            "declKind": "Var",
            "usr": "s:6iOSLib10ActionTypeO9hashValueSivp",
            "mangledName": "$s6iOSLib10ActionTypeO9hashValueSivp",
            "moduleName": "iOSLib",
            "implicit": true,
            "accessors": [
              {
                "kind": "Accessor",
                "name": "Get",
                "printedName": "Get()",
                "children": [
                  {
                    "kind": "TypeNominal",
                    "name": "Int",
                    "printedName": "Swift.Int",
                    "usr": "s:Si"
                  }
                ],
                "declKind": "Accessor",
                "usr": "s:6iOSLib10ActionTypeO9hashValueSivg",
                "mangledName": "$s6iOSLib10ActionTypeO9hashValueSivg",
                "moduleName": "iOSLib",
                "implicit": true,
                "accessorKind": "get"
              }
            ]
          },
          {
            "kind": "Function",
            "name": "hash",
            "printedName": "hash(into:)",
            "children": [
              {
                "kind": "TypeNominal",
                "name": "Void",
                "printedName": "()"
              },
              {
                "kind": "TypeNominal",
                "name": "Hasher",
                "printedName": "Swift.Hasher",
                "paramValueOwnership": "InOut",
                "usr": "s:s6HasherV"
              }
            ],
            "declKind": "Func",
            "usr": "s:6iOSLib10ActionTypeO4hash4intoys6HasherVz_tF",
            "mangledName": "$s6iOSLib10ActionTypeO4hash4intoys6HasherVz_tF",
            "moduleName": "iOSLib",
            "implicit": true,
            "funcSelfKind": "NonMutating"
          }
        ],
        "declKind": "Enum",
        "usr": "s:6iOSLib10ActionTypeO",
        "mangledName": "$s6iOSLib10ActionTypeO",
        "moduleName": "iOSLib",
        "declAttributes": [
          "AccessControl"
        ],
        "conformances": [
          {
            "kind": "Conformance",
            "name": "Equatable",
            "printedName": "Equatable",
            "usr": "s:SQ",
            "mangledName": "$sSQ"
          },
          {
            "kind": "Conformance",
            "name": "Hashable",
            "printedName": "Hashable",
            "usr": "s:SH",
            "mangledName": "$sSH"
          }
        ]
      },
      {
        "kind": "Import",
        "name": "Foundation",
        "printedName": "Foundation",
        "declKind": "Import",
        "moduleName": "iOSLib",
        "declAttributes": [
          "RawDocComment"
        ]
      },
      {
        "kind": "Import",
        "name": "CoreLocation",
        "printedName": "CoreLocation",
        "declKind": "Import",
        "moduleName": "iOSLib"
      },
      {
        "kind": "Import",
        "name": "UIKit",
        "printedName": "UIKit",
        "declKind": "Import",
        "moduleName": "iOSLib"
      },
      {
        "kind": "Import",
        "name": "shared",
        "printedName": "shared",
        "declKind": "Import",
        "moduleName": "iOSLib"
      },
      {
        "kind": "TypeDecl",
        "name": "LocationError",
        "printedName": "LocationError",
        "children": [
          {
            "kind": "Var",
            "name": "locationPermissionDenied",
            "printedName": "locationPermissionDenied",
            "children": [
              {
                "kind": "TypeFunc",
                "name": "Function",
                "printedName": "(iOSLib.LocationError.Type) -> iOSLib.LocationError",
                "children": [
                  {
                    "kind": "TypeNominal",
                    "name": "LocationError",
                    "printedName": "iOSLib.LocationError",
                    "usr": "s:6iOSLib13LocationErrorO"
                  },
                  {
                    "kind": "TypeNominal",
                    "name": "Metatype",
                    "printedName": "iOSLib.LocationError.Type",
                    "children": [
                      {
                        "kind": "TypeNominal",
                        "name": "LocationError",
                        "printedName": "iOSLib.LocationError",
                        "usr": "s:6iOSLib13LocationErrorO"
                      }
                    ]
                  }
                ]
              }
            ],
            "declKind": "EnumElement",
            "usr": "s:6iOSLib13LocationErrorO24locationPermissionDeniedyA2CmF",
            "mangledName": "$s6iOSLib13LocationErrorO24locationPermissionDeniedyA2CmF",
            "moduleName": "iOSLib"
          },
          {
            "kind": "Var",
            "name": "locationServicesDisabled",
            "printedName": "locationServicesDisabled",
            "children": [
              {
                "kind": "TypeFunc",
                "name": "Function",
                "printedName": "(iOSLib.LocationError.Type) -> iOSLib.LocationError",
                "children": [
                  {
                    "kind": "TypeNominal",
                    "name": "LocationError",
                    "printedName": "iOSLib.LocationError",
                    "usr": "s:6iOSLib13LocationErrorO"
                  },
                  {
                    "kind": "TypeNominal",
                    "name": "Metatype",
                    "printedName": "iOSLib.LocationError.Type",
                    "children": [
                      {
                        "kind": "TypeNominal",
                        "name": "LocationError",
                        "printedName": "iOSLib.LocationError",
                        "usr": "s:6iOSLib13LocationErrorO"
                      }
                    ]
                  }
                ]
              }
            ],
            "declKind": "EnumElement",
            "usr": "s:6iOSLib13LocationErrorO24locationServicesDisabledyA2CmF",
            "mangledName": "$s6iOSLib13LocationErrorO24locationServicesDisabledyA2CmF",
            "moduleName": "iOSLib"
          },
          {
            "kind": "Function",
            "name": "==",
            "printedName": "==(_:_:)",
            "children": [
              {
                "kind": "TypeNominal",
                "name": "Bool",
                "printedName": "Swift.Bool",
                "usr": "s:Sb"
              },
              {
                "kind": "TypeNominal",
                "name": "LocationError",
                "printedName": "iOSLib.LocationError",
                "usr": "s:6iOSLib13LocationErrorO"
              },
              {
                "kind": "TypeNominal",
                "name": "LocationError",
                "printedName": "iOSLib.LocationError",
                "usr": "s:6iOSLib13LocationErrorO"
              }
            ],
            "declKind": "Func",
            "usr": "s:6iOSLib13LocationErrorO2eeoiySbAC_ACtFZ",
            "mangledName": "$s6iOSLib13LocationErrorO2eeoiySbAC_ACtFZ",
            "moduleName": "iOSLib",
            "static": true,
            "implicit": true,
            "funcSelfKind": "NonMutating"
          },
          {
            "kind": "Var",
            "name": "hashValue",
            "printedName": "hashValue",
            "children": [
              {
                "kind": "TypeNominal",
                "name": "Int",
                "printedName": "Swift.Int",
                "usr": "s:Si"
              }
            ],
            "declKind": "Var",
            "usr": "s:6iOSLib13LocationErrorO9hashValueSivp",
            "mangledName": "$s6iOSLib13LocationErrorO9hashValueSivp",
            "moduleName": "iOSLib",
            "implicit": true,
            "accessors": [
              {
                "kind": "Accessor",
                "name": "Get",
                "printedName": "Get()",
                "children": [
                  {
                    "kind": "TypeNominal",
                    "name": "Int",
                    "printedName": "Swift.Int",
                    "usr": "s:Si"
                  }
                ],
                "declKind": "Accessor",
                "usr": "s:6iOSLib13LocationErrorO9hashValueSivg",
                "mangledName": "$s6iOSLib13LocationErrorO9hashValueSivg",
                "moduleName": "iOSLib",
                "implicit": true,
                "accessorKind": "get"
              }
            ]
          },
          {
            "kind": "Function",
            "name": "hash",
            "printedName": "hash(into:)",
            "children": [
              {
                "kind": "TypeNominal",
                "name": "Void",
                "printedName": "()"
              },
              {
                "kind": "TypeNominal",
                "name": "Hasher",
                "printedName": "Swift.Hasher",
                "paramValueOwnership": "InOut",
                "usr": "s:s6HasherV"
              }
            ],
            "declKind": "Func",
            "usr": "s:6iOSLib13LocationErrorO4hash4intoys6HasherVz_tF",
            "mangledName": "$s6iOSLib13LocationErrorO4hash4intoys6HasherVz_tF",
            "moduleName": "iOSLib",
            "implicit": true,
            "funcSelfKind": "NonMutating"
          }
        ],
        "declKind": "Enum",
        "usr": "s:6iOSLib13LocationErrorO",
        "mangledName": "$s6iOSLib13LocationErrorO",
        "moduleName": "iOSLib",
        "declAttributes": [
          "AccessControl"
        ],
        "conformances": [
          {
            "kind": "Conformance",
            "name": "Equatable",
            "printedName": "Equatable",
            "usr": "s:SQ",
            "mangledName": "$sSQ"
          },
          {
            "kind": "Conformance",
            "name": "Hashable",
            "printedName": "Hashable",
            "usr": "s:SH",
            "mangledName": "$sSH"
          },
          {
            "kind": "Conformance",
            "name": "Error",
            "printedName": "Error",
            "usr": "s:s5ErrorP",
            "mangledName": "$ss5ErrorP"
          },
          {
            "kind": "Conformance",
            "name": "Sendable",
            "printedName": "Sendable",
            "usr": "s:s8SendableP",
            "mangledName": "$ss8SendableP"
          }
        ]
      },
      {
        "kind": "Import",
        "name": "Foundation",
        "printedName": "Foundation",
        "declKind": "Import",
        "moduleName": "iOSLib",
        "declAttributes": [
          "RawDocComment"
        ]
      },
      {
        "kind": "Import",
        "name": "shared",
        "printedName": "shared",
        "declKind": "Import",
        "moduleName": "iOSLib"
      },
      {
        "kind": "TypeDecl",
        "name": "SDKError",
        "printedName": "SDKError",
        "children": [
          {
            "kind": "Var",
            "name": "networkConnection",
            "printedName": "networkConnection",
            "children": [
              {
                "kind": "TypeFunc",
                "name": "Function",
                "printedName": "(iOSLib.SDKError.Type) -> iOSLib.SDKError",
                "children": [
                  {
                    "kind": "TypeNominal",
                    "name": "SDKError",
                    "printedName": "iOSLib.SDKError",
                    "usr": "s:6iOSLib8SDKErrorO"
                  },
                  {
                    "kind": "TypeNominal",
                    "name": "Metatype",
                    "printedName": "iOSLib.SDKError.Type",
                    "children": [
                      {
                        "kind": "TypeNominal",
                        "name": "SDKError",
                        "printedName": "iOSLib.SDKError",
                        "usr": "s:6iOSLib8SDKErrorO"
                      }
                    ]
                  }
                ]
              }
            ],
            "declKind": "EnumElement",
            "usr": "s:6iOSLib8SDKErrorO17networkConnectionyA2CmF",
            "mangledName": "$s6iOSLib8SDKErrorO17networkConnectionyA2CmF",
            "moduleName": "iOSLib"
          },
          {
            "kind": "Var",
            "name": "serverError",
            "printedName": "serverError",
            "children": [
              {
                "kind": "TypeFunc",
                "name": "Function",
                "printedName": "(iOSLib.SDKError.Type) -> iOSLib.SDKError",
                "children": [
                  {
                    "kind": "TypeNominal",
                    "name": "SDKError",
                    "printedName": "iOSLib.SDKError",
                    "usr": "s:6iOSLib8SDKErrorO"
                  },
                  {
                    "kind": "TypeNominal",
                    "name": "Metatype",
                    "printedName": "iOSLib.SDKError.Type",
                    "children": [
                      {
                        "kind": "TypeNominal",
                        "name": "SDKError",
                        "printedName": "iOSLib.SDKError",
                        "usr": "s:6iOSLib8SDKErrorO"
                      }
                    ]
                  }
                ]
              }
            ],
            "declKind": "EnumElement",
            "usr": "s:6iOSLib8SDKErrorO11serverErroryA2CmF",
            "mangledName": "$s6iOSLib8SDKErrorO11serverErroryA2CmF",
            "moduleName": "iOSLib"
          },
          {
            "kind": "Var",
            "name": "locationPermissionDenied",
            "printedName": "locationPermissionDenied",
            "children": [
              {
                "kind": "TypeFunc",
                "name": "Function",
                "printedName": "(iOSLib.SDKError.Type) -> iOSLib.SDKError",
                "children": [
                  {
                    "kind": "TypeNominal",
                    "name": "SDKError",
                    "printedName": "iOSLib.SDKError",
                    "usr": "s:6iOSLib8SDKErrorO"
                  },
                  {
                    "kind": "TypeNominal",
                    "name": "Metatype",
                    "printedName": "iOSLib.SDKError.Type",
                    "children": [
                      {
                        "kind": "TypeNominal",
                        "name": "SDKError",
                        "printedName": "iOSLib.SDKError",
                        "usr": "s:6iOSLib8SDKErrorO"
                      }
                    ]
                  }
                ]
              }
            ],
            "declKind": "EnumElement",
            "usr": "s:6iOSLib8SDKErrorO24locationPermissionDeniedyA2CmF",
            "mangledName": "$s6iOSLib8SDKErrorO24locationPermissionDeniedyA2CmF",
            "moduleName": "iOSLib"
          },
          {
            "kind": "Var",
            "name": "locationServicesDisabled",
            "printedName": "locationServicesDisabled",
            "children": [
              {
                "kind": "TypeFunc",
                "name": "Function",
                "printedName": "(iOSLib.SDKError.Type) -> iOSLib.SDKError",
                "children": [
                  {
                    "kind": "TypeNominal",
                    "name": "SDKError",
                    "printedName": "iOSLib.SDKError",
                    "usr": "s:6iOSLib8SDKErrorO"
                  },
                  {
                    "kind": "TypeNominal",
                    "name": "Metatype",
                    "printedName": "iOSLib.SDKError.Type",
                    "children": [
                      {
                        "kind": "TypeNominal",
                        "name": "SDKError",
                        "printedName": "iOSLib.SDKError",
                        "usr": "s:6iOSLib8SDKErrorO"
                      }
                    ]
                  }
                ]
              }
            ],
            "declKind": "EnumElement",
            "usr": "s:6iOSLib8SDKErrorO24locationServicesDisabledyA2CmF",
            "mangledName": "$s6iOSLib8SDKErrorO24locationServicesDisabledyA2CmF",
            "moduleName": "iOSLib"
          },
          {
            "kind": "Var",
            "name": "noLocationAvailable",
            "printedName": "noLocationAvailable",
            "children": [
              {
                "kind": "TypeFunc",
                "name": "Function",
                "printedName": "(iOSLib.SDKError.Type) -> iOSLib.SDKError",
                "children": [
                  {
                    "kind": "TypeNominal",
                    "name": "SDKError",
                    "printedName": "iOSLib.SDKError",
                    "usr": "s:6iOSLib8SDKErrorO"
                  },
                  {
                    "kind": "TypeNominal",
                    "name": "Metatype",
                    "printedName": "iOSLib.SDKError.Type",
                    "children": [
                      {
                        "kind": "TypeNominal",
                        "name": "SDKError",
                        "printedName": "iOSLib.SDKError",
                        "usr": "s:6iOSLib8SDKErrorO"
                      }
                    ]
                  }
                ]
              }
            ],
            "declKind": "EnumElement",
            "usr": "s:6iOSLib8SDKErrorO19noLocationAvailableyA2CmF",
            "mangledName": "$s6iOSLib8SDKErrorO19noLocationAvailableyA2CmF",
            "moduleName": "iOSLib"
          },
          {
            "kind": "Var",
            "name": "notInitialized",
            "printedName": "notInitialized",
            "children": [
              {
                "kind": "TypeFunc",
                "name": "Function",
                "printedName": "(iOSLib.SDKError.Type) -> iOSLib.SDKError",
                "children": [
                  {
                    "kind": "TypeNominal",
                    "name": "SDKError",
                    "printedName": "iOSLib.SDKError",
                    "usr": "s:6iOSLib8SDKErrorO"
                  },
                  {
                    "kind": "TypeNominal",
                    "name": "Metatype",
                    "printedName": "iOSLib.SDKError.Type",
                    "children": [
                      {
                        "kind": "TypeNominal",
                        "name": "SDKError",
                        "printedName": "iOSLib.SDKError",
                        "usr": "s:6iOSLib8SDKErrorO"
                      }
                    ]
                  }
                ]
              }
            ],
            "declKind": "EnumElement",
            "usr": "s:6iOSLib8SDKErrorO14notInitializedyA2CmF",
            "mangledName": "$s6iOSLib8SDKErrorO14notInitializedyA2CmF",
            "moduleName": "iOSLib"
          },
          {
            "kind": "Var",
            "name": "unknownError",
            "printedName": "unknownError",
            "children": [
              {
                "kind": "TypeFunc",
                "name": "Function",
                "printedName": "(iOSLib.SDKError.Type) -> (Swift.String?) -> iOSLib.SDKError",
                "children": [
                  {
                    "kind": "TypeFunc",
                    "name": "Function",
                    "printedName": "(Swift.String?) -> iOSLib.SDKError",
                    "children": [
                      {
                        "kind": "TypeNominal",
                        "name": "SDKError",
                        "printedName": "iOSLib.SDKError",
                        "usr": "s:6iOSLib8SDKErrorO"
                      },
                      {
                        "kind": "TypeNominal",
                        "name": "Tuple",
                        "printedName": "(message: Swift.String?)",
                        "children": [
                          {
                            "kind": "TypeNominal",
                            "name": "Optional",
                            "printedName": "Swift.String?",
                            "children": [
                              {
                                "kind": "TypeNominal",
                                "name": "String",
                                "printedName": "Swift.String",
                                "usr": "s:SS"
                              }
                            ],
                            "usr": "s:Sq"
                          }
                        ]
                      }
                    ]
                  },
                  {
                    "kind": "TypeNominal",
                    "name": "Metatype",
                    "printedName": "iOSLib.SDKError.Type",
                    "children": [
                      {
                        "kind": "TypeNominal",
                        "name": "SDKError",
                        "printedName": "iOSLib.SDKError",
                        "usr": "s:6iOSLib8SDKErrorO"
                      }
                    ]
                  }
                ]
              }
            ],
            "declKind": "EnumElement",
            "usr": "s:6iOSLib8SDKErrorO12unknownErroryACSSSg_tcACmF",
            "mangledName": "$s6iOSLib8SDKErrorO12unknownErroryACSSSg_tcACmF",
            "moduleName": "iOSLib"
          },
          {
            "kind": "Var",
            "name": "unknownApiError",
            "printedName": "unknownApiError",
            "children": [
              {
                "kind": "TypeFunc",
                "name": "Function",
                "printedName": "(iOSLib.SDKError.Type) -> (Swift.String) -> iOSLib.SDKError",
                "children": [
                  {
                    "kind": "TypeFunc",
                    "name": "Function",
                    "printedName": "(Swift.String) -> iOSLib.SDKError",
                    "children": [
                      {
                        "kind": "TypeNominal",
                        "name": "SDKError",
                        "printedName": "iOSLib.SDKError",
                        "usr": "s:6iOSLib8SDKErrorO"
                      },
                      {
                        "kind": "TypeNominal",
                        "name": "Tuple",
                        "printedName": "(message: Swift.String)",
                        "children": [
                          {
                            "kind": "TypeNominal",
                            "name": "String",
                            "printedName": "Swift.String",
                            "usr": "s:SS"
                          }
                        ]
                      }
                    ]
                  },
                  {
                    "kind": "TypeNominal",
                    "name": "Metatype",
                    "printedName": "iOSLib.SDKError.Type",
                    "children": [
                      {
                        "kind": "TypeNominal",
                        "name": "SDKError",
                        "printedName": "iOSLib.SDKError",
                        "usr": "s:6iOSLib8SDKErrorO"
                      }
                    ]
                  }
                ]
              }
            ],
            "declKind": "EnumElement",
            "usr": "s:6iOSLib8SDKErrorO15unknownApiErroryACSS_tcACmF",
            "mangledName": "$s6iOSLib8SDKErrorO15unknownApiErroryACSS_tcACmF",
            "moduleName": "iOSLib"
          },
          {
            "kind": "Var",
            "name": "noActiveApiKey",
            "printedName": "noActiveApiKey",
            "children": [
              {
                "kind": "TypeFunc",
                "name": "Function",
                "printedName": "(iOSLib.SDKError.Type) -> iOSLib.SDKError",
                "children": [
                  {
                    "kind": "TypeNominal",
                    "name": "SDKError",
                    "printedName": "iOSLib.SDKError",
                    "usr": "s:6iOSLib8SDKErrorO"
                  },
                  {
                    "kind": "TypeNominal",
                    "name": "Metatype",
                    "printedName": "iOSLib.SDKError.Type",
                    "children": [
                      {
                        "kind": "TypeNominal",
                        "name": "SDKError",
                        "printedName": "iOSLib.SDKError",
                        "usr": "s:6iOSLib8SDKErrorO"
                      }
                    ]
                  }
                ]
              }
            ],
            "declKind": "EnumElement",
            "usr": "s:6iOSLib8SDKErrorO14noActiveApiKeyyA2CmF",
            "mangledName": "$s6iOSLib8SDKErrorO14noActiveApiKeyyA2CmF",
            "moduleName": "iOSLib"
          },
          {
            "kind": "Var",
            "name": "noRecipeFoundFailure",
            "printedName": "noRecipeFoundFailure",
            "children": [
              {
                "kind": "TypeFunc",
                "name": "Function",
                "printedName": "(iOSLib.SDKError.Type) -> iOSLib.SDKError",
                "children": [
                  {
                    "kind": "TypeNominal",
                    "name": "SDKError",
                    "printedName": "iOSLib.SDKError",
                    "usr": "s:6iOSLib8SDKErrorO"
                  },
                  {
                    "kind": "TypeNominal",
                    "name": "Metatype",
                    "printedName": "iOSLib.SDKError.Type",
                    "children": [
                      {
                        "kind": "TypeNominal",
                        "name": "SDKError",
                        "printedName": "iOSLib.SDKError",
                        "usr": "s:6iOSLib8SDKErrorO"
                      }
                    ]
                  }
                ]
              }
            ],
            "declKind": "EnumElement",
            "usr": "s:6iOSLib8SDKErrorO20noRecipeFoundFailureyA2CmF",
            "mangledName": "$s6iOSLib8SDKErrorO20noRecipeFoundFailureyA2CmF",
            "moduleName": "iOSLib"
          },
          {
            "kind": "Var",
            "name": "noChecksAvailableFailure",
            "printedName": "noChecksAvailableFailure",
            "children": [
              {
                "kind": "TypeFunc",
                "name": "Function",
                "printedName": "(iOSLib.SDKError.Type) -> iOSLib.SDKError",
                "children": [
                  {
                    "kind": "TypeNominal",
                    "name": "SDKError",
                    "printedName": "iOSLib.SDKError",
                    "usr": "s:6iOSLib8SDKErrorO"
                  },
                  {
                    "kind": "TypeNominal",
                    "name": "Metatype",
                    "printedName": "iOSLib.SDKError.Type",
                    "children": [
                      {
                        "kind": "TypeNominal",
                        "name": "SDKError",
                        "printedName": "iOSLib.SDKError",
                        "usr": "s:6iOSLib8SDKErrorO"
                      }
                    ]
                  }
                ]
              }
            ],
            "declKind": "EnumElement",
            "usr": "s:6iOSLib8SDKErrorO24noChecksAvailableFailureyA2CmF",
            "mangledName": "$s6iOSLib8SDKErrorO24noChecksAvailableFailureyA2CmF",
            "moduleName": "iOSLib"
          },
          {
            "kind": "Var",
            "name": "emptyCheckConfigurationFailure",
            "printedName": "emptyCheckConfigurationFailure",
            "children": [
              {
                "kind": "TypeFunc",
                "name": "Function",
                "printedName": "(iOSLib.SDKError.Type) -> iOSLib.SDKError",
                "children": [
                  {
                    "kind": "TypeNominal",
                    "name": "SDKError",
                    "printedName": "iOSLib.SDKError",
                    "usr": "s:6iOSLib8SDKErrorO"
                  },
                  {
                    "kind": "TypeNominal",
                    "name": "Metatype",
                    "printedName": "iOSLib.SDKError.Type",
                    "children": [
                      {
                        "kind": "TypeNominal",
                        "name": "SDKError",
                        "printedName": "iOSLib.SDKError",
                        "usr": "s:6iOSLib8SDKErrorO"
                      }
                    ]
                  }
                ]
              }
            ],
            "declKind": "EnumElement",
            "usr": "s:6iOSLib8SDKErrorO30emptyCheckConfigurationFailureyA2CmF",
            "mangledName": "$s6iOSLib8SDKErrorO30emptyCheckConfigurationFailureyA2CmF",
            "moduleName": "iOSLib"
          },
          {
            "kind": "Var",
            "name": "cannotNavigateToProcMapsFailure",
            "printedName": "cannotNavigateToProcMapsFailure",
            "children": [
              {
                "kind": "TypeFunc",
                "name": "Function",
                "printedName": "(iOSLib.SDKError.Type) -> iOSLib.SDKError",
                "children": [
                  {
                    "kind": "TypeNominal",
                    "name": "SDKError",
                    "printedName": "iOSLib.SDKError",
                    "usr": "s:6iOSLib8SDKErrorO"
                  },
                  {
                    "kind": "TypeNominal",
                    "name": "Metatype",
                    "printedName": "iOSLib.SDKError.Type",
                    "children": [
                      {
                        "kind": "TypeNominal",
                        "name": "SDKError",
                        "printedName": "iOSLib.SDKError",
                        "usr": "s:6iOSLib8SDKErrorO"
                      }
                    ]
                  }
                ]
              }
            ],
            "declKind": "EnumElement",
            "usr": "s:6iOSLib8SDKErrorO31cannotNavigateToProcMapsFailureyA2CmF",
            "mangledName": "$s6iOSLib8SDKErrorO31cannotNavigateToProcMapsFailureyA2CmF",
            "moduleName": "iOSLib"
          }
        ],
        "declKind": "Enum",
        "usr": "s:6iOSLib8SDKErrorO",
        "mangledName": "$s6iOSLib8SDKErrorO",
        "moduleName": "iOSLib",
        "declAttributes": [
          "AccessControl"
        ],
        "conformances": [
          {
            "kind": "Conformance",
            "name": "Error",
            "printedName": "Error",
            "usr": "s:s5ErrorP",
            "mangledName": "$ss5ErrorP"
          },
          {
            "kind": "Conformance",
            "name": "Sendable",
            "printedName": "Sendable",
            "usr": "s:s8SendableP",
            "mangledName": "$ss8SendableP"
          }
        ]
      },
      {
        "kind": "Import",
        "name": "Foundation",
        "printedName": "Foundation",
        "declKind": "Import",
        "moduleName": "iOSLib",
        "declAttributes": [
          "RawDocComment"
        ]
      },
      {
        "kind": "Import",
        "name": "Foundation",
        "printedName": "Foundation",
        "declKind": "Import",
        "moduleName": "iOSLib",
        "declAttributes": [
          "RawDocComment"
        ]
      },
      {
        "kind": "Import",
        "name": "UIKit",
        "printedName": "UIKit",
        "declKind": "Import",
        "moduleName": "iOSLib"
      },
      {
        "kind": "Import",
        "name": "MachO",
        "printedName": "MachO",
        "declKind": "Import",
        "moduleName": "iOSLib"
      },
      {
        "kind": "Import",
        "name": "AVFoundation",
        "printedName": "AVFoundation",
        "declKind": "Import",
        "moduleName": "iOSLib"
      },
      {
        "kind": "Import",
        "name": "Network",
        "printedName": "Network",
        "declKind": "Import",
        "moduleName": "iOSLib"
      },
      {
        "kind": "Import",
        "name": "shared",
        "printedName": "shared",
        "declKind": "Import",
        "moduleName": "iOSLib",
        "declAttributes": [
          "ImplementationOnly"
        ]
      }
    ],
    "json_format_version": 8
  },
  "ConstValues": [
    {
      "filePath": "\/Users\/k.dimitros\/Projects\/Bespot\/antifraud-sdk-android\/iOSLib\/iOSLib\/Detection\/LocationMockFlagsDetection.swift",
      "kind": "StringLiteral",
      "offset": 203,
      "length": 26,
      "value": "\"iOSLib.LocationMockFlagsDetection\""
    },
    {
      "filePath": "\/Users\/k.dimitros\/Projects\/Bespot\/antifraud-sdk-android\/iOSLib\/iOSLib\/Manager\/ServiceProvider.swift",
      "kind": "StringLiteral",
      "offset": 304,
      "length": 33,
      "value": "\"dev.bespot.antifraud.sdk.iOSApp\""
    },
    {
      "filePath": "\/Users\/k.dimitros\/Projects\/Bespot\/antifraud-sdk-android\/iOSLib\/iOSLib\/Manager\/ServiceProvider.swift",
      "kind": "StringLiteral",
      "offset": 367,
      "length": 5,
      "value": "\"0.1\""
    },
    {
      "filePath": "\/Users\/k.dimitros\/Projects\/Bespot\/antifraud-sdk-android\/iOSLib\/iOSLib\/Model\/Location.swift",
      "kind": "BooleanLiteral",
      "offset": 318,
      "length": 5,
      "value": "false"
    },
    {
      "filePath": "\/Users\/k.dimitros\/Projects\/Bespot\/antifraud-sdk-android\/iOSLib\/iOSLib\/Model\/Location.swift",
      "kind": "BooleanLiteral",
      "offset": 359,
      "length": 5,
      "value": "false"
    },
    {
      "filePath": "\/Users\/k.dimitros\/Projects\/Bespot\/antifraud-sdk-android\/iOSLib\/iOSLib\/Manager\/AppStateManager.swift",
      "kind": "BooleanLiteral",
      "offset": 252,
      "length": 4,
      "value": "true"
    },
    {
      "filePath": "\/Users\/k.dimitros\/Projects\/Bespot\/antifraud-sdk-android\/iOSLib\/iOSLib\/AppInfo.swift",
      "kind": "StringLiteral",
      "offset": 354,
      "length": 2,
      "value": "\"\""
    },
    {
      "filePath": "\/Users\/k.dimitros\/Projects\/Bespot\/antifraud-sdk-android\/iOSLib\/iOSLib\/AppInfo.swift",
      "kind": "StringLiteral",
      "offset": 492,
      "length": 2,
      "value": "\"\""
    },
    {
      "filePath": "\/Users\/k.dimitros\/Projects\/Bespot\/antifraud-sdk-android\/iOSLib\/iOSLib\/AppInfo.swift",
      "kind": "StringLiteral",
      "offset": 566,
      "length": 28,
      "value": "\"CFBundleShortVersionString\""
    },
    {
      "filePath": "\/Users\/k.dimitros\/Projects\/Bespot\/antifraud-sdk-android\/iOSLib\/iOSLib\/AppInfo.swift",
      "kind": "StringLiteral",
      "offset": 610,
      "length": 2,
      "value": "\"\""
    },
    {
      "filePath": "\/Users\/k.dimitros\/Projects\/Bespot\/antifraud-sdk-android\/iOSLib\/iOSLib\/AppInfo.swift",
      "kind": "StringLiteral",
      "offset": 678,
      "length": 17,
      "value": "\"CFBundleVersion\""
    },
    {
      "filePath": "\/Users\/k.dimitros\/Projects\/Bespot\/antifraud-sdk-android\/iOSLib\/iOSLib\/AppInfo.swift",
      "kind": "StringLiteral",
      "offset": 711,
      "length": 2,
      "value": "\"\""
    },
    {
      "filePath": "\/Users\/k.dimitros\/Projects\/Bespot\/antifraud-sdk-android\/iOSLib\/iOSLib\/DeviceInfo.swift",
      "kind": "StringLiteral",
      "offset": 4739,
      "length": 6,
      "value": "\"WiFi\""
    },
    {
      "filePath": "\/Users\/k.dimitros\/Projects\/Bespot\/antifraud-sdk-android\/iOSLib\/iOSLib\/DeviceInfo.swift",
      "kind": "StringLiteral",
      "offset": 4766,
      "length": 10,
      "value": "\"Cellular\""
    },
    {
      "filePath": "\/Users\/k.dimitros\/Projects\/Bespot\/antifraud-sdk-android\/iOSLib\/iOSLib\/DeviceInfo.swift",
      "kind": "StringLiteral",
      "offset": 4797,
      "length": 10,
      "value": "\"Ethernet\""
    },
    {
      "filePath": "\/Users\/k.dimitros\/Projects\/Bespot\/antifraud-sdk-android\/iOSLib\/iOSLib\/DeviceInfo.swift",
      "kind": "StringLiteral",
      "offset": 4827,
      "length": 9,
      "value": "\"Unknown\""
    },
    {
      "filePath": "\/Users\/k.dimitros\/Projects\/Bespot\/antifraud-sdk-android\/iOSLib\/iOSLib\/DeviceInfo.swift",
      "kind": "StringLiteral",
      "offset": 4861,
      "length": 14,
      "value": "\"NoConnection\""
    },
    {
      "filePath": "\/Users\/k.dimitros\/Projects\/Bespot\/antifraud-sdk-android\/iOSLib\/iOSLib\/DeviceInfo.swift",
      "kind": "StringLiteral",
      "offset": 4739,
      "length": 6,
      "value": "\"WiFi\""
    },
    {
      "filePath": "\/Users\/k.dimitros\/Projects\/Bespot\/antifraud-sdk-android\/iOSLib\/iOSLib\/DeviceInfo.swift",
      "kind": "StringLiteral",
      "offset": 4766,
      "length": 10,
      "value": "\"Cellular\""
    },
    {
      "filePath": "\/Users\/k.dimitros\/Projects\/Bespot\/antifraud-sdk-android\/iOSLib\/iOSLib\/DeviceInfo.swift",
      "kind": "StringLiteral",
      "offset": 4797,
      "length": 10,
      "value": "\"Ethernet\""
    },
    {
      "filePath": "\/Users\/k.dimitros\/Projects\/Bespot\/antifraud-sdk-android\/iOSLib\/iOSLib\/DeviceInfo.swift",
      "kind": "StringLiteral",
      "offset": 4827,
      "length": 9,
      "value": "\"Unknown\""
    },
    {
      "filePath": "\/Users\/k.dimitros\/Projects\/Bespot\/antifraud-sdk-android\/iOSLib\/iOSLib\/DeviceInfo.swift",
      "kind": "StringLiteral",
      "offset": 4861,
      "length": 14,
      "value": "\"NoConnection\""
    }
  ]
}